"adjid","status1","section_code1","update_user1","status2","status3","status4","status5","update_user2","update_user3","update_user4","update_user5","section_code2","section_code3","section_code4","section_code5","id","update_date1","update_date2","update_date3","update_date4","checked","checked_by","check_date","reason","reason_1","reason_2","reason_3","reason_4","order_status","order_number","payment_status","grn_delivery_status","grn_status"
"D2111158","1","527001","ze291463","2","3","4","5","ze294136","ze263567","ze301736","ze043110"," "," "," "," ","129","2021-11-19 08:28:40","2021-11-30 14:43:02","2021-12-14 12:58:57","2021-12-20 17:49:28","0"," ","0000-00-00 00:00:00"," ",,,,,"0",,,,"0"
"D21111619","1","523001","ze347558","1","0","0","0","ze309702"," "," "," "," "," "," "," ","133","2021-11-19 09:52:29","0000-00-00 00:00:00","0000-00-00 00:00:00","0000-00-00 00:00:00","0"," ","0000-00-00 00:00:00"," ","Redo and include all the costs"," "," "," ","0",,,,"0"
"D21111637","1","523001","ze296538","2","3","4","5","ze309702","ze263567","ze301736","ze043110"," "," "," "," ","136","2021-11-19 09:48:57","2021-11-30 14:40:13","2021-12-14 12:59:01","2021-12-20 17:49:19","0"," ","0000-00-00 00:00:00"," ",,,,,"0",,,,"0"
"D21111657","1","523001","ze347558","1","0","0","0","ze309702","ze263567"," "," "," "," "," "," ","131","2021-11-19 10:00:15","2021-11-18 15:25:30","0000-00-00 00:00:00","0000-00-00 00:00:00","0"," ","0000-00-00 00:00:00"," ","Redo and attach PRAZ registration","No praz attached and quotation"," "," ","0",,,,"0"
"D21111661","1","523001","ze347558","1","0","0","0","ze309702"," "," "," "," "," "," "," ","130","2021-11-16 11:52:23","0000-00-00 00:00:00","0000-00-00 00:00:00","0000-00-00 00:00:00","0"," ","0000-00-00 00:00:00"," ","May you please separate venue and food. "," "," "," ","0",,,,"0"
"D21111682","1","523001","ze347558","1","0","0","0","ze309702"," "," "," "," "," "," "," ","132","2021-11-19 09:52:55","0000-00-00 00:00:00","0000-00-00 00:00:00","0000-00-00 00:00:00","0"," ","0000-00-00 00:00:00"," ","Redo and include all the costs"," "," "," ","0",,,,"0"
"D21111687","1","523001","ze347558","1","0","0","0","ze309702"," "," "," "," "," "," "," ","135","2021-11-19 09:49:48","0000-00-00 00:00:00","0000-00-00 00:00:00","0000-00-00 00:00:00","0"," ","0000-00-00 00:00:00"," ","Redo with all the cost"," "," "," ","0",,,,"0"
"D21111688","1","523001","ze347558","1","0","0","0","ze309702"," "," "," "," "," "," "," ","134","2021-11-19 09:52:03","0000-00-00 00:00:00","0000-00-00 00:00:00","0000-00-00 00:00:00","0"," ","0000-00-00 00:00:00"," ","Redo and include all the costs"," "," "," ","0",,,,"0"
"D21111879","1","527001","ze226580","1","0","0","0","ze294136"," "," "," "," "," "," "," ","137","2021-11-19 08:37:40","0000-00-00 00:00:00","0000-00-00 00:00:00","0000-00-00 00:00:00","0"," ","0000-00-00 00:00:00"," ","Attach correct quote"," "," "," ","0",,,,"0"
"D21111938","1","527001","ze226580","2","3","4","5","ze294136","ze263567","ze301736","ze043110"," "," "," "," ","138","2021-11-19 08:58:05","2021-11-30 14:42:46","2021-12-14 12:59:06","2021-12-20 17:49:12","0"," ","0000-00-00 00:00:00"," ",,,,,"0",,,,"0"
"D21112623","1","524401","ze34045","1","0","0","0","ze267562"," "," "," "," "," "," "," ","139","2021-12-09 10:07:56","0000-00-00 00:00:00","0000-00-00 00:00:00","0000-00-00 00:00:00","0"," ","0000-00-00 00:00:00"," ","use petty cash"," "," "," ","0",,,,"0"
"D21112957","1","524401","ze38466","2","3","4","5","ze267562","ze263567","ze301736","ze043110"," "," "," "," ","140","2021-11-30 15:36:35","2021-11-30 16:01:42","2021-12-14 12:59:10","2021-12-20 17:49:03","0"," ","0000-00-00 00:00:00"," "," ",,,,"0",,,,"0"
"D21112992","1","524401","ze38466","2","3","4","5","ze267562","ze263567","ze301736","ze043110"," "," "," "," ","141","2021-11-30 15:36:20","2021-11-30 15:50:54","2021-12-14 12:59:14","2021-12-20 17:48:51","0"," ","0000-00-00 00:00:00"," "," ",,,,"0",,,,"0"
"D2112016","1","524401","ze34045","1","0","0","0","ze267562"," "," "," "," "," "," "," ","142","2021-12-09 10:07:11","0000-00-00 00:00:00","0000-00-00 00:00:00","0000-00-00 00:00:00","0"," ","0000-00-00 00:00:00"," ","do petty cash"," "," "," ","0",,,,"0"
"D21121023","1","523001","ze293091","2","3","4","5","ze309702","ze233366","ze301736","ze043110"," "," "," "," ","145","2021-12-13 01:38:00","2021-12-14 11:15:17","2021-12-14 12:59:25","2021-12-20 17:48:36","0"," ","0000-00-00 00:00:00"," ",,,,,"0",,,,"0"
"D21121026","1","523001","ze347558","2","3","4","5","ze309702","ze233366","ze301736","ze043110"," "," "," "," ","147","2021-12-13 01:37:53","2021-12-14 11:15:13","2021-12-14 12:59:33","2021-12-20 17:48:21","0"," ","0000-00-00 00:00:00"," ",,,,,"0",,,,"0"
"D21121029","1","523001","ze293091","2","3","4","5","ze309702","ze263567","ze301736","ze043110"," "," "," "," ","143","2021-12-13 01:38:08","2022-01-10 10:34:00","2022-01-10 10:58:11","2022-01-10 17:28:13","0"," ","0000-00-00 00:00:00"," ",,,,,"0",,,,"0"
"D21121060","1","523001","ze347558","2","3","4","5","ze309702","ze233366","ze301736","ze043110"," "," "," "," ","146","2021-12-13 01:38:21","2021-12-14 11:15:02","2021-12-14 12:59:30","2021-12-20 17:48:29","0"," ","0000-00-00 00:00:00"," ",,,,,"0",,,,"0"
"D21121080","1","523001","ze293091","2","3","4","5","ze309702","ze233366","ze301736","ze043110"," "," "," "," ","144","2021-12-13 01:38:04","2021-12-14 11:15:10","2021-12-14 12:59:21","2021-12-20 17:48:43","0"," ","0000-00-00 00:00:00"," ",,,,,"0",,,,"0"
"D2112109","1","523001","ze347558","2","3","4","5","ze309702","ze233366","ze301736","ze043110"," "," "," "," ","148","2021-12-13 01:37:47","2021-12-14 11:14:51","2021-12-14 12:59:37","2021-12-20 17:48:11","0"," ","0000-00-00 00:00:00"," ",,,,,"0",,,,"0"
"D21122319","1","523001","ze293091","2","3","4","5","ze309702","ze263567","ze301736","ze043110"," "," "," "," ","150","2021-12-23 10:00:23","2021-12-24 09:50:58","2021-12-28 10:23:12","2021-12-28 15:47:02","0"," ","0000-00-00 00:00:00"," ",,,,,"0",,,,"0"
"D2112234","1","524202","ze257516","1","0","0","0","ze283266","ze263567"," "," "," "," "," "," ","152","2022-02-07 10:59:34","2022-01-10 10:32:27","0000-00-00 00:00:00","0000-00-00 00:00:00","0"," ","0000-00-00 00:00:00"," ","Refer Procurement Officer","is this the only agent"," "," ","0",,,,"0"
"D21122343","1","524202","ze257516","1","0","0","0","ze283266","ze263567"," "," "," "," "," "," ","151","2022-02-07 11:00:07","2022-01-10 10:34:12","0000-00-00 00:00:00","0000-00-00 00:00:00","0"," ","0000-00-00 00:00:00"," ","Refer Procurement Officer","is this the only agent"," "," ","0",,,,"0"
"D21122351","1","523001","ze293091","2","3","4","5","ze309702","ze263567","ze301736","ze043110"," "," "," "," ","149","2021-12-23 10:00:32","2021-12-24 11:33:34","2021-12-28 10:22:35","2021-12-28 15:47:10","0"," ","0000-00-00 00:00:00"," ",,,,,"0",,,,"0"
"D21122948","1","523001","ze296538","1","0","0","0","ze309702","ze263567"," "," "," "," "," "," ","154","2022-12-05 20:00:15","2022-01-10 10:29:18","0000-00-00 00:00:00","0000-00-00 00:00:00","0"," ","0000-00-00 00:00:00"," ","reject","cleaning and daily news quotes attached"," "," ","0",,,,"0"
"D21122956","1","523001","ze296538","2","3","4","5","ze309702","ze263567","ze301736","ze043110"," "," "," "," ","153","2021-12-29 05:15:29","2022-01-10 10:27:34","2022-01-10 10:58:21","2022-01-10 17:28:07","0"," ","0000-00-00 00:00:00"," ",,,,,"0",,,,"0"
"D21123011","1","523001","ze296538","2","3","4","5","ze309702","ze263567","ze301736","ze043110"," "," "," "," ","159","2021-12-30 10:02:53","2022-01-10 10:26:07","2022-01-10 10:59:38","2022-01-10 17:27:15","0"," ","0000-00-00 00:00:00"," ",,,,,"0",,,,"0"
"D21123013","1","523001","ze296538","1","0","0","0","ze309702","ze263567"," "," "," "," "," "," ","161","2022-12-05 20:00:04","2022-01-10 10:26:00","0000-00-00 00:00:00","0000-00-00 00:00:00","0"," ","0000-00-00 00:00:00"," ","reject","wrong cost"," "," ","0",,,,"0"
"D21123025","1","523001","ze296538","2","3","4","5","ze309702","ze263567","ze301736","ze043110"," "," "," "," ","160","2021-12-30 10:02:49","2022-01-10 10:30:13","2022-01-10 10:59:43","2022-01-10 17:27:02","0"," ","0000-00-00 00:00:00"," ",,,,,"0",,,,"0"
"D21123032","1","523001","ze296538","2","3","4","5","ze309702","ze263567","ze301736","ze043110"," "," "," "," ","155","2021-12-30 10:03:11","2022-01-10 10:31:11","2022-01-10 10:58:27","2022-01-10 17:27:52","0"," ","0000-00-00 00:00:00"," ",,,,,"0",,,,"0"
"D2112305","1","523001","ze296538","2","3","4","5","ze309702","ze263567","ze301736","ze043110"," "," "," "," ","156","2021-12-30 10:03:06","2022-01-10 10:27:03","2022-01-10 10:58:34","2022-01-10 17:27:44","0"," ","0000-00-00 00:00:00"," ",,,,,"0",,,,"0"
"D21123062","1","523001","ze296538","2","3","4","5","ze309702","ze263567","ze301736","ze043110"," "," "," "," ","158","2021-12-30 10:02:58","2022-01-10 10:26:50","2022-01-10 10:59:32","2022-01-10 17:27:26","0"," ","0000-00-00 00:00:00"," ",,,,,"0",,,,"0"
"D21123065","1","523001","ze296538","1","0","0","0","ze309702","ze263567"," "," "," "," "," "," ","162","2022-12-05 19:59:52","2022-01-10 10:25:35","0000-00-00 00:00:00","0000-00-00 00:00:00","0"," ","0000-00-00 00:00:00"," ","reject","wrong cost"," "," ","0",,,,"0"
"D21123087","1","523001","ze296538","2","3","4","5","ze309702","ze263567","ze301736","ze043110"," "," "," "," ","157","2021-12-30 10:03:02","2022-01-10 10:30:53","2022-01-10 10:59:24","2022-01-10 17:27:37","0"," ","0000-00-00 00:00:00"," ",,,,,"0",,,,"0"
"D21123192","1","523001","ze293091","2","3","4","5","ze309702","ze263567","ze301736","ze043110"," "," "," "," ","163","2021-12-31 09:39:30","2022-01-10 12:17:14","2022-01-10 10:59:51","2022-01-10 17:26:55","0"," ","0000-00-00 00:00:00"," ",,,,,"0",,,,"0"
"D22010692","1","523001","ze296538","1","0","0","0","ze309702"," "," "," "," "," "," "," ","164","2022-01-10 12:08:59","0000-00-00 00:00:00","0000-00-00 00:00:00","0000-00-00 00:00:00","0"," ","0000-00-00 00:00:00"," ","Correct the price"," "," "," ","0",,,,"0"
"D22011056","1","523001","ze296538","2","3","4","5","ze309702","ze263567","ze301736","ze043110"," "," "," "," ","165","2022-01-11 04:11:41","2022-01-12 08:44:13","2022-01-12 11:34:54","2022-01-13 10:44:42","0"," ","0000-00-00 00:00:00"," ",,,,,"0",,,,"0"
"D22011110","1","523001","ze347558","1","0","0","0","ze309702","ze263567"," "," "," "," "," "," ","166","2022-12-05 19:59:41","2022-01-12 11:52:36","0000-00-00 00:00:00","0000-00-00 00:00:00","0"," ","0000-00-00 00:00:00"," ","reject","Please correct description of items"," "," ","0",,,,"0"
"D22011122","1","524202","ze37540","2","3","4","5","ze257516","ze263567","ze301736","ze043110"," "," "," "," ","167","2022-01-11 12:37:01","2022-01-12 08:37:38","2022-01-12 11:35:15","2022-01-13 10:44:34","0"," ","0000-00-00 00:00:00"," ",,,,,"0",,,,"0"
"D22011143","1","524202","ze37540","2","3","4","5","ze257516","ze263567","ze301736","ze043110"," "," "," "," ","168","2022-01-11 12:38:12","2022-01-12 08:36:44","2022-01-12 11:35:28","2022-01-13 10:43:50","0"," ","0000-00-00 00:00:00"," ",,,,,"0",,,,"0"
"D22011294","1","524202","ze37540","2","0","0","0","ze257516"," "," "," "," "," "," "," ","169","2022-01-13 08:52:30","0000-00-00 00:00:00","0000-00-00 00:00:00","0000-00-00 00:00:00","0"," ","0000-00-00 00:00:00"," ",," "," "," ","0",,,,"0"
"D22011452","1","523001","ze296538","2","0","0","0","ze309702"," "," "," "," "," "," "," ","172","2022-01-17 03:46:36","0000-00-00 00:00:00","0000-00-00 00:00:00","0000-00-00 00:00:00","0"," ","0000-00-00 00:00:00"," ",," "," "," ","0",,,,"0"
"D22011474","1","523001","ze296538","2","0","0","0","ze309702"," "," "," "," "," "," "," ","171","2022-01-17 03:46:46","0000-00-00 00:00:00","0000-00-00 00:00:00","0000-00-00 00:00:00","0"," ","0000-00-00 00:00:00"," ",," "," "," ","0",,,,"0"
"D2201149","1","524202","ze37540","2","0","0","0","ze257516"," "," "," "," "," "," "," ","170","2022-01-19 09:03:29","0000-00-00 00:00:00","0000-00-00 00:00:00","0000-00-00 00:00:00","0"," ","0000-00-00 00:00:00"," ",," "," "," ","0",,,,"0"
"D22011944","1","523001","ze293091","2","0","0","0","ze309702"," "," "," "," "," "," "," ","175","2022-01-19 10:54:29","0000-00-00 00:00:00","0000-00-00 00:00:00","0000-00-00 00:00:00","0"," ","0000-00-00 00:00:00"," ",," "," "," ","0",,,,"0"
"D22011958","1","523001","ze293091","2","0","0","0","ze309702"," "," "," "," "," "," "," ","174","2022-01-19 10:54:34","0000-00-00 00:00:00","0000-00-00 00:00:00","0000-00-00 00:00:00","0"," ","0000-00-00 00:00:00"," ",," "," "," ","0",,,,"0"
"D22011983","1","523001","ze293091","2","0","0","0","ze309702"," "," "," "," "," "," "," ","173","2022-01-19 10:54:38","0000-00-00 00:00:00","0000-00-00 00:00:00","0000-00-00 00:00:00","0"," ","0000-00-00 00:00:00"," ",," "," "," ","0",,,,"0"
"D2201205","1","523001","ze293091","2","0","0","0","ze309702"," "," "," "," "," "," "," ","176","2022-01-20 09:48:12","0000-00-00 00:00:00","0000-00-00 00:00:00","0000-00-00 00:00:00","0"," ","0000-00-00 00:00:00"," ",," "," "," ","0",,,,"0"
"D2201207","1","523001","ze293091","2","0","0","0","ze309702"," "," "," "," "," "," "," ","177","2022-01-20 09:48:08","0000-00-00 00:00:00","0000-00-00 00:00:00","0000-00-00 00:00:00","0"," ","0000-00-00 00:00:00"," ",," "," "," ","0",,,,"0"
"D22012511","1","523001","ze296538","2","0","0","0","ze309702"," "," "," "," "," "," "," ","184","2022-01-25 02:39:57","0000-00-00 00:00:00","0000-00-00 00:00:00","0000-00-00 00:00:00","0"," ","0000-00-00 00:00:00"," ",," "," "," ","0",,,,"0"
"D22012518","1","523001","ze296538","2","0","0","0","ze309702"," "," "," "," "," "," "," ","180","2022-01-25 02:40:10","0000-00-00 00:00:00","0000-00-00 00:00:00","0000-00-00 00:00:00","0"," ","0000-00-00 00:00:00"," ",," "," "," ","0",,,,"0"
"D22012525","1","523001","ze296538","2","0","0","0","ze309702"," "," "," "," "," "," "," ","181","2022-01-25 02:40:06","0000-00-00 00:00:00","0000-00-00 00:00:00","0000-00-00 00:00:00","0"," ","0000-00-00 00:00:00"," ",," "," "," ","0",,,,"0"
"D22012543","1","523001","ze296538","2","0","0","0","ze309702"," "," "," "," "," "," "," ","185","2022-01-25 02:39:51","0000-00-00 00:00:00","0000-00-00 00:00:00","0000-00-00 00:00:00","0"," ","0000-00-00 00:00:00"," ",," "," "," ","0",,,,"0"
"D22012544","1","523001","ze296538","2","0","0","0","ze309702"," "," "," "," "," "," "," ","179","2022-01-25 02:40:15","0000-00-00 00:00:00","0000-00-00 00:00:00","0000-00-00 00:00:00","0"," ","0000-00-00 00:00:00"," ",," "," "," ","0",,,,"0"
"D22012545","1","523001","ze296538","2","0","0","0","ze309702"," "," "," "," "," "," "," ","186","2022-01-25 02:39:47","0000-00-00 00:00:00","0000-00-00 00:00:00","0000-00-00 00:00:00","0"," ","0000-00-00 00:00:00"," ",," "," "," ","0",,,,"0"
"D22012568","1","523001","ze296538","2","0","0","0","ze309702"," "," "," "," "," "," "," ","188","2022-01-25 02:39:43","0000-00-00 00:00:00","0000-00-00 00:00:00","0000-00-00 00:00:00","0"," ","0000-00-00 00:00:00"," ",," "," "," ","0",,,,"0"
"D2201257","1","523001","ze293091","2","0","0","0","ze309702"," "," "," "," "," "," "," ","190","2022-01-25 04:17:53","0000-00-00 00:00:00","0000-00-00 00:00:00","0000-00-00 00:00:00","0"," ","0000-00-00 00:00:00"," ",," "," "," ","0",,,,"0"
"D22012571","1","523001","ze296538","2","0","0","0","ze309702"," "," "," "," "," "," "," ","178","2022-01-25 02:40:19","0000-00-00 00:00:00","0000-00-00 00:00:00","0000-00-00 00:00:00","0"," ","0000-00-00 00:00:00"," ",," "," "," ","0",,,,"0"
"D22012585","1","523001","ze296538","2","0","0","0","ze309702"," "," "," "," "," "," "," ","182","2022-01-25 02:40:01","0000-00-00 00:00:00","0000-00-00 00:00:00","0000-00-00 00:00:00","0"," ","0000-00-00 00:00:00"," ",," "," "," ","0",,,,"0"
"D22020253","1","523001","ze293091","2","0","0","0","ze309702"," "," "," "," "," "," "," ","192","2022-02-02 04:07:43","0000-00-00 00:00:00","0000-00-00 00:00:00","0000-00-00 00:00:00","0"," ","0000-00-00 00:00:00"," ",," "," "," ","0",,,,"0"
"D22020256","1","523001","ze296538","2","3","4","5","ze309702","ze261084","ze301736","ze043110"," "," "," "," ","191","2022-02-02 12:11:55","2022-02-07 14:01:07","2022-02-07 03:04:52","2022-02-11 16:17:26","0"," ","0000-00-00 00:00:00"," ",,,,,"0",,,,"0"
"D22020329","1","523001","ze347558","2","0","0","0","ze309702"," "," "," "," "," "," "," ","194","2022-02-07 09:19:56","0000-00-00 00:00:00","0000-00-00 00:00:00","0000-00-00 00:00:00","0"," ","0000-00-00 00:00:00"," ",," "," "," ","0",,,,"0"
"D22020352","1","523001","ze293091","2","0","0","0","ze309702"," "," "," "," "," "," "," ","193","2022-02-07 09:20:02","0000-00-00 00:00:00","0000-00-00 00:00:00","0000-00-00 00:00:00","0"," ","0000-00-00 00:00:00"," ",," "," "," ","0",,,,"0"
"D22020415","1","523001","ze293091","2","0","0","0","ze309702"," "," "," "," "," "," "," ","196","2022-02-07 09:19:45","0000-00-00 00:00:00","0000-00-00 00:00:00","0000-00-00 00:00:00","0"," ","0000-00-00 00:00:00"," ",," "," "," ","0",,,,"0"
"D22020434","1","524702","ze226769","0","0","0","0"," "," "," "," "," "," "," "," ","197","0000-00-00 00:00:00","0000-00-00 00:00:00","0000-00-00 00:00:00","0000-00-00 00:00:00","1"," ","0000-00-00 00:00:00"," "," "," "," "," ","0",,,,"0"
"D22020489","1","523001","ze293091","2","0","0","0","ze309702"," "," "," "," "," "," "," ","195","2022-02-07 09:19:52","0000-00-00 00:00:00","0000-00-00 00:00:00","0000-00-00 00:00:00","0"," ","0000-00-00 00:00:00"," ",," "," "," ","0",,,,"0"
"D22020747","1","523001","ze296538","2","0","0","0","ze309702"," "," "," "," "," "," "," ","200","2022-02-08 08:54:08","0000-00-00 00:00:00","0000-00-00 00:00:00","0000-00-00 00:00:00","0"," ","0000-00-00 00:00:00"," ",," "," "," ","0",,,,"0"
"D22020749","1","523001","ze296538","2","0","0","0","ze309702"," "," "," "," "," "," "," ","199","2022-02-08 08:54:12","0000-00-00 00:00:00","0000-00-00 00:00:00","0000-00-00 00:00:00","0"," ","0000-00-00 00:00:00"," ",," "," "," ","0",,,,"0"
"D22020750","1","523001","ze296538","2","0","0","0","ze309702"," "," "," "," "," "," "," ","198","2022-02-08 08:54:16","0000-00-00 00:00:00","0000-00-00 00:00:00","0000-00-00 00:00:00","0"," ","0000-00-00 00:00:00"," ",," "," "," ","0",,,,"0"
"D22021112","1","523001","ze296538","2","0","0","0","ze309702"," "," "," "," "," "," "," ","202","2022-02-14 10:03:55","0000-00-00 00:00:00","0000-00-00 00:00:00","0000-00-00 00:00:00","0"," ","0000-00-00 00:00:00"," ",," "," "," ","0",,,,"0"
"D22021139","1","524702","ze226769","0","0","0","0"," "," "," "," "," "," "," "," ","201","0000-00-00 00:00:00","0000-00-00 00:00:00","0000-00-00 00:00:00","0000-00-00 00:00:00","1"," ","0000-00-00 00:00:00"," "," "," "," "," ","0",,,,"0"
"D22021556","1","523001","ze296538","2","0","0","0","ze309702"," "," "," "," "," "," "," ","203","2022-02-15 04:18:25","0000-00-00 00:00:00","0000-00-00 00:00:00","0000-00-00 00:00:00","0"," ","0000-00-00 00:00:00"," ",," "," "," ","0",,,,"0"
"D22022585","1","523001","ze296538","2","0","0","0","ze309702"," "," "," "," "," "," "," ","204","2022-02-28 03:47:44","0000-00-00 00:00:00","0000-00-00 00:00:00","0000-00-00 00:00:00","0"," ","0000-00-00 00:00:00"," ",," "," "," ","0",,,,"0"
"D22022813","1","527001","ze42510","2","0","0","0","ze294136"," "," "," "," "," "," "," ","205","2022-03-01 06:49:54","0000-00-00 00:00:00","0000-00-00 00:00:00","0000-00-00 00:00:00","0"," ","0000-00-00 00:00:00"," ",," "," "," ","0",,,,"0"
"D22022893","1","523001","ze293091","2","0","0","0","ze309702"," "," "," "," "," "," "," ","206","2022-03-01 09:59:00","0000-00-00 00:00:00","0000-00-00 00:00:00","0000-00-00 00:00:00","0"," ","0000-00-00 00:00:00"," ",," "," "," ","0",,,,"0"
"D22030292","1","524401","ze38466","1","0","0","0","ze276111"," "," "," "," "," "," "," ","207","2022-03-07 14:07:26","0000-00-00 00:00:00","0000-00-00 00:00:00","0000-00-00 00:00:00","0"," ","0000-00-00 00:00:00"," ","attach signed documents"," "," "," ","0",,,,"0"
"D22030440","1","523001","ze296538","2","0","0","0","ze309702"," "," "," "," "," "," "," ","208","2022-03-07 09:07:02","0000-00-00 00:00:00","0000-00-00 00:00:00","0000-00-00 00:00:00","0"," ","0000-00-00 00:00:00"," ",," "," "," ","0",,,,"0"
"D22030496","1","523001","ze296538","2","0","0","0","ze309702"," "," "," "," "," "," "," ","210","2022-03-07 09:06:57","0000-00-00 00:00:00","0000-00-00 00:00:00","0000-00-00 00:00:00","0"," ","0000-00-00 00:00:00"," ",," "," "," ","0",,,,"0"
"D22030972","1","523001","ze293091","2","0","0","0","ze309702"," "," "," "," "," "," "," ","211","2022-03-09 02:58:20","0000-00-00 00:00:00","0000-00-00 00:00:00","0000-00-00 00:00:00","0"," ","0000-00-00 00:00:00"," ",," "," "," ","0",,,,"0"
"D2203102","1","524401","ze38466","1","0","0","0","ze276111"," "," "," "," "," "," "," ","212","2022-03-11 09:03:13","0000-00-00 00:00:00","0000-00-00 00:00:00","0000-00-00 00:00:00","0"," ","0000-00-00 00:00:00"," ","Put more details, for which section"," "," "," ","0",,,,"0"
"D22031413","1","523001","ze296538","2","0","0","0","ze309702"," "," "," "," "," "," "," ","214","2022-03-14 03:15:53","0000-00-00 00:00:00","0000-00-00 00:00:00","0000-00-00 00:00:00","0"," ","0000-00-00 00:00:00"," ",," "," "," ","0",,,,"0"
"D2203143","1","523001","ze293091","1","0","0","0","ze309702"," "," "," "," "," "," "," ","217","2022-03-15 13:00:09","0000-00-00 00:00:00","0000-00-00 00:00:00","0000-00-00 00:00:00","0"," ","0000-00-00 00:00:00"," ","redo"," "," "," ","0",,,,"0"
"D22031446","1","523001","ze293091","1","0","0","0","ze309702"," "," "," "," "," "," "," ","215","2022-03-15 13:00:31","0000-00-00 00:00:00","0000-00-00 00:00:00","0000-00-00 00:00:00","0"," ","0000-00-00 00:00:00"," ","redo"," "," "," ","0",,,,"0"
"D22031467","1","523001","ze296538","2","0","0","0","ze309702"," "," "," "," "," "," "," ","213","2022-03-14 03:15:58","0000-00-00 00:00:00","0000-00-00 00:00:00","0000-00-00 00:00:00","0"," ","0000-00-00 00:00:00"," ",," "," "," ","0",,,,"0"
"D22031471","1","523001","ze293091","1","0","0","0","ze309702"," "," "," "," "," "," "," ","218","2022-03-15 12:59:57","0000-00-00 00:00:00","0000-00-00 00:00:00","0000-00-00 00:00:00","0"," ","0000-00-00 00:00:00"," ","redo"," "," "," ","0",,,,"0"
"D22031484","1","523001","ze293091","1","0","0","0","ze309702"," "," "," "," "," "," "," ","216","2022-03-15 13:00:20","0000-00-00 00:00:00","0000-00-00 00:00:00","0000-00-00 00:00:00","0"," ","0000-00-00 00:00:00"," ","redo"," "," "," ","0",,,,"0"
"D22031524","1","523001","ze293091","2","0","0","0","ze309702"," "," "," "," "," "," "," ","221","2022-03-16 10:11:25","0000-00-00 00:00:00","0000-00-00 00:00:00","0000-00-00 00:00:00","0"," ","0000-00-00 00:00:00"," ",," "," "," ","0",,,,"0"
"D2203156","1","523001","ze293091","2","0","0","0","ze309702"," "," "," "," "," "," "," ","220","2022-03-16 10:11:31","0000-00-00 00:00:00","0000-00-00 00:00:00","0000-00-00 00:00:00","0"," ","0000-00-00 00:00:00"," ",," "," "," ","0",,,,"0"
"D22031577","1","523001","ze296538","2","0","0","0","ze309702"," "," "," "," "," "," "," ","219","2022-03-15 12:59:30","0000-00-00 00:00:00","0000-00-00 00:00:00","0000-00-00 00:00:00","0"," ","0000-00-00 00:00:00"," ",," "," "," ","0",,,,"0"
"D2203158","1","523001","ze293091","2","0","0","0","ze309702"," "," "," "," "," "," "," ","223","2022-03-16 10:11:21","0000-00-00 00:00:00","0000-00-00 00:00:00","0000-00-00 00:00:00","0"," ","0000-00-00 00:00:00"," ",," "," "," ","0",,,,"0"
"D22032213","1","523001","ze296538","2","0","0","0","ze309702"," "," "," "," "," "," "," ","230","2022-03-29 09:14:59","0000-00-00 00:00:00","0000-00-00 00:00:00","0000-00-00 00:00:00","0"," ","0000-00-00 00:00:00"," ",," "," "," ","0",,,,"0"
"D22032215","1","523001","ze296538","2","0","0","0","ze309702"," "," "," "," "," "," "," ","226","2022-03-29 09:15:15","0000-00-00 00:00:00","0000-00-00 00:00:00","0000-00-00 00:00:00","0"," ","0000-00-00 00:00:00"," ",," "," "," ","0",,,,"0"
"D22032238","1","523001","ze296538","2","0","0","0","ze309702"," "," "," "," "," "," "," ","225","2022-03-29 09:15:19","0000-00-00 00:00:00","0000-00-00 00:00:00","0000-00-00 00:00:00","0"," ","0000-00-00 00:00:00"," ",," "," "," ","0",,,,"0"
"D22032242","1","523001","ze296538","2","0","0","0","ze309702"," "," "," "," "," "," "," ","224","2022-03-29 09:15:23","0000-00-00 00:00:00","0000-00-00 00:00:00","0000-00-00 00:00:00","0"," ","0000-00-00 00:00:00"," ",," "," "," ","0",,,,"0"
"D22032260","1","523001","ze296538","2","0","0","0","ze309702"," "," "," "," "," "," "," ","228","2022-03-29 09:15:07","0000-00-00 00:00:00","0000-00-00 00:00:00","0000-00-00 00:00:00","0"," ","0000-00-00 00:00:00"," ",," "," "," ","0",,,,"0"
"D22032268","1","523001","ze296538","2","0","0","0","ze309702"," "," "," "," "," "," "," ","229","2022-03-29 09:15:03","0000-00-00 00:00:00","0000-00-00 00:00:00","0000-00-00 00:00:00","0"," ","0000-00-00 00:00:00"," ",," "," "," ","0",,,,"0"
"D22032274","1","523001","ze296538","2","0","0","0","ze309702"," "," "," "," "," "," "," ","227","2022-03-29 09:15:12","0000-00-00 00:00:00","0000-00-00 00:00:00","0000-00-00 00:00:00","0"," ","0000-00-00 00:00:00"," ",," "," "," ","0",,,,"0"
"D22032332","1","524604","ze261092","0","0","0","0"," "," "," "," "," "," "," "," ","231","0000-00-00 00:00:00","0000-00-00 00:00:00","0000-00-00 00:00:00","0000-00-00 00:00:00","0","ze283606","2022-09-13 19:35:54","old PR"," "," "," "," ","0",,,,"0"
"D22032854","1","523001","ze296538","2","0","0","0","ze309702"," "," "," "," "," "," "," ","232","2022-03-29 09:14:55","0000-00-00 00:00:00","0000-00-00 00:00:00","0000-00-00 00:00:00","0"," ","0000-00-00 00:00:00"," ",," "," "," ","0",,,,"0"
"D22032893","1","523001","ze296538","2","0","0","0","ze309702"," "," "," "," "," "," "," ","233","2022-03-29 09:14:51","0000-00-00 00:00:00","0000-00-00 00:00:00","0000-00-00 00:00:00","0"," ","0000-00-00 00:00:00"," ",," "," "," ","0",,,,"0"
"D22032996","1","523001","ze296538","2","0","0","0","ze309702"," "," "," "," "," "," "," ","234","2022-03-29 02:30:43","0000-00-00 00:00:00","0000-00-00 00:00:00","0000-00-00 00:00:00","0"," ","0000-00-00 00:00:00"," ",," "," "," ","0",,,,"0"
"D22040899","1","523001","ze239046","2","0","0","0","ze309702"," "," "," "," "," "," "," ","235","2022-04-12 11:08:26","0000-00-00 00:00:00","0000-00-00 00:00:00","0000-00-00 00:00:00","0"," ","0000-00-00 00:00:00"," ",," "," "," ","0",,,,"0"
"D22041280","1","524402","ze345237","2","0","0","0","ze336319"," "," "," "," "," "," "," ","236","2022-12-02 20:01:20","0000-00-00 00:00:00","0000-00-00 00:00:00","0000-00-00 00:00:00","2","ze307629","2022-04-19 15:04:19"," "," "," "," "," ","0",,,,"0"
"D22041933","1","523001","ze296538","2","0","0","0","ze309702"," "," "," "," "," "," "," ","238","2022-04-19 03:48:43","0000-00-00 00:00:00","0000-00-00 00:00:00","0000-00-00 00:00:00","0"," ","0000-00-00 00:00:00"," ",," "," "," ","0",,,,"0"
"D22041934","1","523001","ze296538","2","0","0","0","ze309702"," "," "," "," "," "," "," ","237","2022-04-19 03:48:49","0000-00-00 00:00:00","0000-00-00 00:00:00","0000-00-00 00:00:00","0"," ","0000-00-00 00:00:00"," ",," "," "," ","0",,,,"0"
"D22041948","1","523001","ze296538","2","0","0","0","ze309702"," "," "," "," "," "," "," ","239","2022-04-19 04:29:05","0000-00-00 00:00:00","0000-00-00 00:00:00","0000-00-00 00:00:00","0"," ","0000-00-00 00:00:00"," ",," "," "," ","0",,,,"0"
"D22042015","1","523001","ze293091","2","0","0","0","ze309702"," "," "," "," "," "," "," ","240","2022-04-22 10:03:38","0000-00-00 00:00:00","0000-00-00 00:00:00","0000-00-00 00:00:00","0"," ","0000-00-00 00:00:00"," ",," "," "," ","0",,,,"0"
"D22042131","1","523001","ze293091","2","0","0","0","ze309702"," "," "," "," "," "," "," ","242","2022-04-22 10:03:29","0000-00-00 00:00:00","0000-00-00 00:00:00","0000-00-00 00:00:00","0"," ","0000-00-00 00:00:00"," ",," "," "," ","0",,,,"0"
"D22042155","1","523001","ze293091","2","0","0","0","ze309702"," "," "," "," "," "," "," ","241","2022-04-22 10:03:33","0000-00-00 00:00:00","0000-00-00 00:00:00","0000-00-00 00:00:00","0"," ","0000-00-00 00:00:00"," ",," "," "," ","0",,,,"0"
"D22042258","1","523001","ze293091","2","0","0","0","ze309702"," "," "," "," "," "," "," ","244","2022-04-25 02:14:55","0000-00-00 00:00:00","0000-00-00 00:00:00","0000-00-00 00:00:00","0"," ","0000-00-00 00:00:00"," ",," "," "," ","0",,,,"0"
"D22042260","1","523001","ze293091","2","0","0","0","ze309702"," "," "," "," "," "," "," ","243","2022-04-25 02:15:05","0000-00-00 00:00:00","0000-00-00 00:00:00","0000-00-00 00:00:00","0"," ","0000-00-00 00:00:00"," ",," "," "," ","0",,,,"0"
"D2204265","1","523001","ze293091","2","0","0","0","ze309702"," "," "," "," "," "," "," ","246","2022-04-27 03:28:37","0000-00-00 00:00:00","0000-00-00 00:00:00","0000-00-00 00:00:00","0"," ","0000-00-00 00:00:00"," ",," "," "," ","0",,,,"0"
"D22042680","1","523001","ze293091","2","0","0","0","ze309702"," "," "," "," "," "," "," ","247","2022-04-27 03:28:33","0000-00-00 00:00:00","0000-00-00 00:00:00","0000-00-00 00:00:00","0"," ","0000-00-00 00:00:00"," ",," "," "," ","0",,,,"0"
"D22042683","1","523001","ze293091","2","0","0","0","ze309702"," "," "," "," "," "," "," ","248","2022-04-27 03:28:29","0000-00-00 00:00:00","0000-00-00 00:00:00","0000-00-00 00:00:00","0"," ","0000-00-00 00:00:00"," ",," "," "," ","0",,,,"0"
"D22042684","1","523001","ze293091","2","0","0","0","ze309702"," "," "," "," "," "," "," ","245","2022-04-27 03:28:45","0000-00-00 00:00:00","0000-00-00 00:00:00","0000-00-00 00:00:00","0"," ","0000-00-00 00:00:00"," ",," "," "," ","0",,,,"0"
"D22042927","1","523001","ze296538","2","0","0","0","ze309702"," "," "," "," "," "," "," ","249","2022-05-03 11:22:05","0000-00-00 00:00:00","0000-00-00 00:00:00","0000-00-00 00:00:00","0"," ","0000-00-00 00:00:00"," ",," "," "," ","0",,,,"0"
"D22042975","1","523001","ze296538","2","0","0","0","ze309702"," "," "," "," "," "," "," ","250","2022-05-03 11:22:00","0000-00-00 00:00:00","0000-00-00 00:00:00","0000-00-00 00:00:00","0"," ","0000-00-00 00:00:00"," ",," "," "," ","0",,,,"0"
"D22050437","1","523001","ze296538","2","0","0","0","ze309702"," "," "," "," "," "," "," ","251","2022-05-04 02:38:19","0000-00-00 00:00:00","0000-00-00 00:00:00","0000-00-00 00:00:00","0"," ","0000-00-00 00:00:00"," ",," "," "," ","0",,,,"0"
"D22050510","1","523001","ze296538","2","0","0","0","ze309702"," "," "," "," "," "," "," ","253","2022-05-06 05:58:30","0000-00-00 00:00:00","0000-00-00 00:00:00","0000-00-00 00:00:00","0"," ","0000-00-00 00:00:00"," ",," "," "," ","0",,,,"0"
"D2205054","1","523001","ze281875","2","0","0","0","ze309702"," "," "," "," "," "," "," ","254","2022-05-06 05:58:22","0000-00-00 00:00:00","0000-00-00 00:00:00","0000-00-00 00:00:00","0"," ","0000-00-00 00:00:00"," ",," "," "," ","0",,,,"0"
"D22050557","1","523001","ze293091","2","0","0","0","ze309702"," "," "," "," "," "," "," ","252","2022-05-06 05:59:34","0000-00-00 00:00:00","0000-00-00 00:00:00","0000-00-00 00:00:00","0"," ","0000-00-00 00:00:00"," ",," "," "," ","0",,,,"0"
"D22050611","1","523001","ze296538","2","0","0","0","ze309702"," "," "," "," "," "," "," ","256","2022-05-06 05:58:13","0000-00-00 00:00:00","0000-00-00 00:00:00","0000-00-00 00:00:00","0"," ","0000-00-00 00:00:00"," ",," "," "," ","0",,,,"0"
"D22050633","1","523001","ze296538","2","0","0","0","ze309702"," "," "," "," "," "," "," ","255","2022-05-06 05:58:18","0000-00-00 00:00:00","0000-00-00 00:00:00","0000-00-00 00:00:00","0"," ","0000-00-00 00:00:00"," ",," "," "," ","0",,,,"0"
"D22050651","1","523001","ze296538","2","0","0","0","ze309702"," "," "," "," "," "," "," ","257","2022-05-06 05:58:08","0000-00-00 00:00:00","0000-00-00 00:00:00","0000-00-00 00:00:00","0"," ","0000-00-00 00:00:00"," ",," "," "," ","0",,,,"0"
"D22050919","1","523001","ze281875","2","0","0","0","ze309702"," "," "," "," "," "," "," ","258","2022-05-09 04:26:21","0000-00-00 00:00:00","0000-00-00 00:00:00","0000-00-00 00:00:00","0"," ","0000-00-00 00:00:00"," ",," "," "," ","0",,,,"0"
"D22050948","1","524402","ze345237","0","0","0","0"," "," "," "," "," "," "," "," ","262","0000-00-00 00:00:00","0000-00-00 00:00:00","0000-00-00 00:00:00","0000-00-00 00:00:00","2","ze307629","2022-05-09 15:46:50"," "," "," "," "," ","0",,,,"0"
"D22050960","1","523001","ze281875","2","0","0","0","ze309702"," "," "," "," "," "," "," ","260","2022-05-09 04:25:53","0000-00-00 00:00:00","0000-00-00 00:00:00","0000-00-00 00:00:00","0"," ","0000-00-00 00:00:00"," ",," "," "," ","0",,,,"0"
"D22050975","1","523001","ze281875","2","0","0","0","ze309702"," "," "," "," "," "," "," ","261","2022-05-09 04:25:49","0000-00-00 00:00:00","0000-00-00 00:00:00","0000-00-00 00:00:00","0"," ","0000-00-00 00:00:00"," ",," "," "," ","0",,,,"0"
"D22050978","1","523001","ze281875","2","0","0","0","ze309702"," "," "," "," "," "," "," ","259","2022-05-09 04:25:57","0000-00-00 00:00:00","0000-00-00 00:00:00","0000-00-00 00:00:00","0"," ","0000-00-00 00:00:00"," ",," "," "," ","0",,,,"0"
"D22051211","1","523001","ze346373","2","0","0","0","ze309702"," "," "," "," "," "," "," ","266","2022-05-12 04:57:57","0000-00-00 00:00:00","0000-00-00 00:00:00","0000-00-00 00:00:00","0"," ","0000-00-00 00:00:00"," ",," "," "," ","0",,,,"0"
"D22051218","1","523001","ze296538","2","0","0","0","ze309702"," "," "," "," "," "," "," ","264","2022-05-12 04:58:05","0000-00-00 00:00:00","0000-00-00 00:00:00","0000-00-00 00:00:00","0"," ","0000-00-00 00:00:00"," ",," "," "," ","0",,,,"0"
"D22051272","1","523001","ze296538","2","0","0","0","ze309702"," "," "," "," "," "," "," ","263","2022-05-12 04:58:09","0000-00-00 00:00:00","0000-00-00 00:00:00","0000-00-00 00:00:00","0"," ","0000-00-00 00:00:00"," ",," "," "," ","0",,,,"0"
"D22051299","1","523001","ze346373","2","0","0","0","ze309702"," "," "," "," "," "," "," ","265","2022-05-12 04:58:01","0000-00-00 00:00:00","0000-00-00 00:00:00","0000-00-00 00:00:00","0"," ","0000-00-00 00:00:00"," ",," "," "," ","0",,,,"0"
"D22051383","1","523001","ze296538","2","0","0","0","ze309702"," "," "," "," "," "," "," ","267","2022-05-17 04:26:08","0000-00-00 00:00:00","0000-00-00 00:00:00","0000-00-00 00:00:00","0"," ","0000-00-00 00:00:00"," ",," "," "," ","0",,,,"0"
"D22051769","1","523001","ze281875","2","0","0","0","ze309702"," "," "," "," "," "," "," ","268","2022-05-17 04:26:04","0000-00-00 00:00:00","0000-00-00 00:00:00","0000-00-00 00:00:00","0"," ","0000-00-00 00:00:00"," ",," "," "," ","0",,,,"0"
"D22051782","1","523001","ze293091","2","0","0","0","ze309702"," "," "," "," "," "," "," ","269","2022-05-17 04:26:00","0000-00-00 00:00:00","0000-00-00 00:00:00","0000-00-00 00:00:00","0"," ","0000-00-00 00:00:00"," ",," "," "," ","0",,,,"0"
"D22051861","1","523001","ze296538","2","0","0","0","ze309702"," "," "," "," "," "," "," ","273","2022-05-20 08:36:27","0000-00-00 00:00:00","0000-00-00 00:00:00","0000-00-00 00:00:00","0"," ","0000-00-00 00:00:00"," ",," "," "," ","0",,,,"0"
"D22051873","1","523001","ze296538","2","0","0","0","ze309702"," "," "," "," "," "," "," ","272","2022-05-20 08:36:31","0000-00-00 00:00:00","0000-00-00 00:00:00","0000-00-00 00:00:00","0"," ","0000-00-00 00:00:00"," ",," "," "," ","0",,,,"0"
"D22051880","1","523001","ze296538","2","0","0","0","ze309702"," "," "," "," "," "," "," ","270","2022-05-20 08:36:39","0000-00-00 00:00:00","0000-00-00 00:00:00","0000-00-00 00:00:00","0"," ","0000-00-00 00:00:00"," ",," "," "," ","0",,,,"0"
"D22051887","1","523001","ze296538","2","0","0","0","ze309702"," "," "," "," "," "," "," ","271","2022-05-20 08:36:35","0000-00-00 00:00:00","0000-00-00 00:00:00","0000-00-00 00:00:00","0"," ","0000-00-00 00:00:00"," ",," "," "," ","0",,,,"0"
"D22051967","1","526001","ze293180","2","0","0","0","ze234001"," "," "," "," "," "," "," ","275","2022-05-19 05:32:23","0000-00-00 00:00:00","0000-00-00 00:00:00","0000-00-00 00:00:00","0"," ","0000-00-00 00:00:00"," ",," "," "," ","0",,,,"0"
"D22051980","1","526001","ze293180","1","0","0","0","ze234001"," "," "," "," "," "," "," ","274","2022-05-19 16:41:39","0000-00-00 00:00:00","0000-00-00 00:00:00","0000-00-00 00:00:00","0"," ","0000-00-00 00:00:00"," ","Attach approval letter and invitation letter"," "," "," ","0",,,,"0"
"D22052722","1","523001","ze281875","2","0","0","0","ze309702"," "," "," "," "," "," "," ","280","2022-05-30 10:32:58","0000-00-00 00:00:00","0000-00-00 00:00:00","0000-00-00 00:00:00","0"," ","0000-00-00 00:00:00"," ",," "," "," ","0",,,,"0"
"D22052737","1","523001","ze281875","2","0","0","0","ze309702"," "," "," "," "," "," "," ","284","2022-05-30 10:32:38","0000-00-00 00:00:00","0000-00-00 00:00:00","0000-00-00 00:00:00","0"," ","0000-00-00 00:00:00"," ",," "," "," ","0",,,,"0"
"D22052745","1","523001","ze281875","2","0","0","0","ze309702"," "," "," "," "," "," "," ","276","2022-05-30 10:33:05","0000-00-00 00:00:00","0000-00-00 00:00:00","0000-00-00 00:00:00","0"," ","0000-00-00 00:00:00"," ",," "," "," ","0",,,,"0"
"D22052750","1","523001","ze281875","2","0","0","0","ze309702"," "," "," "," "," "," "," ","277","2022-05-30 06:26:53","0000-00-00 00:00:00","0000-00-00 00:00:00","0000-00-00 00:00:00","0"," ","0000-00-00 00:00:00"," ",," "," "," ","0",,,,"0"
"D2205276","1","523001","ze281875","2","0","0","0","ze309702"," "," "," "," "," "," "," ","282","2022-05-30 10:32:49","0000-00-00 00:00:00","0000-00-00 00:00:00","0000-00-00 00:00:00","0"," ","0000-00-00 00:00:00"," ",," "," "," ","0",,,,"0"
"D22052761","1","523001","ze281875","2","0","0","0","ze309702"," "," "," "," "," "," "," ","281","2022-05-30 06:26:46","0000-00-00 00:00:00","0000-00-00 00:00:00","0000-00-00 00:00:00","0"," ","0000-00-00 00:00:00"," ",," "," "," ","0",,,,"0"
"D22052770","1","523001","ze281875","2","0","0","0","ze309702"," "," "," "," "," "," "," ","285","2022-05-30 10:32:32","0000-00-00 00:00:00","0000-00-00 00:00:00","0000-00-00 00:00:00","0"," ","0000-00-00 00:00:00"," ",," "," "," ","0",,,,"0"
"D22052780","1","523001","ze281875","2","0","0","0","ze309702"," "," "," "," "," "," "," ","283","2022-05-30 10:32:45","0000-00-00 00:00:00","0000-00-00 00:00:00","0000-00-00 00:00:00","0"," ","0000-00-00 00:00:00"," ",," "," "," ","0",,,,"0"
"D22052798","1","523001","ze281875","2","0","0","0","ze309702"," "," "," "," "," "," "," ","278","2022-05-30 10:33:13","0000-00-00 00:00:00","0000-00-00 00:00:00","0000-00-00 00:00:00","0"," ","0000-00-00 00:00:00"," ",," "," "," ","0",,,,"0"
"D22053016","1","523001","ze296538","2","0","0","0","ze309702"," "," "," "," "," "," "," ","290","2022-05-30 06:26:26","0000-00-00 00:00:00","0000-00-00 00:00:00","0000-00-00 00:00:00","0"," ","0000-00-00 00:00:00"," ",," "," "," ","0",,,,"0"
"D22053040","1","523001","ze296538","2","0","0","0","ze309702"," "," "," "," "," "," "," ","289","2022-05-30 06:26:30","0000-00-00 00:00:00","0000-00-00 00:00:00","0000-00-00 00:00:00","0"," ","0000-00-00 00:00:00"," ",," "," "," ","0",,,,"0"
"D22053054","1","523001","ze296538","2","0","0","0","ze309702"," "," "," "," "," "," "," ","288","2022-05-30 06:26:34","0000-00-00 00:00:00","0000-00-00 00:00:00","0000-00-00 00:00:00","0"," ","0000-00-00 00:00:00"," ",," "," "," ","0",,,,"0"
"D22053071","1","523001","ze296538","2","0","0","0","ze309702"," "," "," "," "," "," "," ","287","2022-05-30 06:26:38","0000-00-00 00:00:00","0000-00-00 00:00:00","0000-00-00 00:00:00","0"," ","0000-00-00 00:00:00"," ",," "," "," ","0",,,,"0"
"D22053076","1","523001","ze296538","2","0","0","0","ze309702"," "," "," "," "," "," "," ","286","2022-05-30 06:26:42","0000-00-00 00:00:00","0000-00-00 00:00:00","0000-00-00 00:00:00","0"," ","0000-00-00 00:00:00"," ",," "," "," ","0",,,,"0"
"D22053080","1","523001","ze296538","2","0","0","0","ze309702"," "," "," "," "," "," "," ","292","2022-05-30 06:26:18","0000-00-00 00:00:00","0000-00-00 00:00:00","0000-00-00 00:00:00","0"," ","0000-00-00 00:00:00"," ",," "," "," ","0",,,,"0"
"D22053098","1","523001","ze296538","2","0","0","0","ze309702"," "," "," "," "," "," "," ","291","2022-05-30 06:26:22","0000-00-00 00:00:00","0000-00-00 00:00:00","0000-00-00 00:00:00","0"," ","0000-00-00 00:00:00"," ",," "," "," ","0",,,,"0"
"D22060281","1","523001","ze296538","2","0","0","0","ze309702"," "," "," "," "," "," "," ","293","2022-06-02 05:20:36","0000-00-00 00:00:00","0000-00-00 00:00:00","0000-00-00 00:00:00","0"," ","0000-00-00 00:00:00"," ",," "," "," ","0",,,,"0"
"D22060323","1","523001","ze293091","2","0","0","0","ze309702"," "," "," "," "," "," "," ","294","2022-06-03 04:05:17","0000-00-00 00:00:00","0000-00-00 00:00:00","0000-00-00 00:00:00","0"," ","0000-00-00 00:00:00"," ",," "," "," ","0",,,,"0"
"D22060994","1","523001","ze293091","2","0","0","0","ze309702"," "," "," "," "," "," "," ","295","2022-06-14 02:37:17","0000-00-00 00:00:00","0000-00-00 00:00:00","0000-00-00 00:00:00","0"," ","0000-00-00 00:00:00"," ",," "," "," ","0",,,,"0"
"D22061366","1","523001","ze296538","2","0","0","0","ze309702"," "," "," "," "," "," "," ","296","2022-06-14 02:37:01","0000-00-00 00:00:00","0000-00-00 00:00:00","0000-00-00 00:00:00","0"," ","0000-00-00 00:00:00"," ",," "," "," ","0",,,,"0"
"D22061624","1","523001","ze293091","2","0","0","0","ze309702"," "," "," "," "," "," "," ","297","2022-06-20 09:07:30","0000-00-00 00:00:00","0000-00-00 00:00:00","0000-00-00 00:00:00","0"," ","0000-00-00 00:00:00"," ",," "," "," ","0",,,,"0"
"D22062112","1","523001","ze281875","2","0","0","0","ze309702"," "," "," "," "," "," "," ","301","2022-06-22 09:35:42","0000-00-00 00:00:00","0000-00-00 00:00:00","0000-00-00 00:00:00","0"," ","0000-00-00 00:00:00"," ",," "," "," ","0",,,,"0"
"D22062121","1","523001","ze296538","2","0","0","0","ze309702"," "," "," "," "," "," "," ","298","2022-06-21 12:45:18","0000-00-00 00:00:00","0000-00-00 00:00:00","0000-00-00 00:00:00","0"," ","0000-00-00 00:00:00"," ",," "," "," ","0",,,,"0"
"D22062122","1","523001","ze281875","2","0","0","0","ze309702"," "," "," "," "," "," "," ","299","2022-06-22 09:35:54","0000-00-00 00:00:00","0000-00-00 00:00:00","0000-00-00 00:00:00","0"," ","0000-00-00 00:00:00"," ",," "," "," ","0",,,,"0"
"D22062190","1","523001","ze281875","2","0","0","0","ze309702"," "," "," "," "," "," "," ","300","2022-06-22 09:35:46","0000-00-00 00:00:00","0000-00-00 00:00:00","0000-00-00 00:00:00","0"," ","0000-00-00 00:00:00"," ",," "," "," ","0",,,,"0"
"D22062370","1","527001","ze51705","2","0","0","0","ze300950"," "," "," "," "," "," "," ","302","2022-06-23 02:49:17","0000-00-00 00:00:00","0000-00-00 00:00:00","0000-00-00 00:00:00","0"," ","0000-00-00 00:00:00"," ",," "," "," ","0",,,,"0"
"D22062373","1","527001","ze51705","1","0","0","0","ze300950"," "," "," "," "," "," "," ","303","2022-06-23 14:49:35","0000-00-00 00:00:00","0000-00-00 00:00:00","0000-00-00 00:00:00","0"," ","0000-00-00 00:00:00"," ","duplicate"," "," "," ","0",,,,"0"
"D2206241","1","523001","ze296538","2","0","0","0","ze309702"," "," "," "," "," "," "," ","304","2022-06-27 12:01:48","0000-00-00 00:00:00","0000-00-00 00:00:00","0000-00-00 00:00:00","0"," ","0000-00-00 00:00:00"," ",," "," "," ","0",,,,"0"
"D22062477","1","523001","ze296538","2","0","0","0","ze309702"," "," "," "," "," "," "," ","305","2022-06-27 12:01:43","0000-00-00 00:00:00","0000-00-00 00:00:00","0000-00-00 00:00:00","0"," ","0000-00-00 00:00:00"," ",," "," "," ","0",,,,"0"
"D22062715","1","523001","ze296538","2","0","0","0","ze309702"," "," "," "," "," "," "," ","307","2022-06-27 04:51:28","0000-00-00 00:00:00","0000-00-00 00:00:00","0000-00-00 00:00:00","0"," ","0000-00-00 00:00:00"," ",," "," "," ","0",,,,"0"
"D22062783","1","523001","ze296538","2","0","0","0","ze309702"," "," "," "," "," "," "," ","306","2022-06-27 04:51:33","0000-00-00 00:00:00","0000-00-00 00:00:00","0000-00-00 00:00:00","0"," ","0000-00-00 00:00:00"," ",," "," "," ","0",,,,"0"
"D22062785","1","523001","ze296538","2","0","0","0","ze309702"," "," "," "," "," "," "," ","308","2022-06-27 04:51:24","0000-00-00 00:00:00","0000-00-00 00:00:00","0000-00-00 00:00:00","0"," ","0000-00-00 00:00:00"," ",," "," "," ","0",,,,"0"
"D22062837","1","523001","ze296538","2","0","0","0","ze309702"," "," "," "," "," "," "," ","309","2022-06-29 02:45:34","0000-00-00 00:00:00","0000-00-00 00:00:00","0000-00-00 00:00:00","0"," ","0000-00-00 00:00:00"," ",," "," "," ","0",,,,"0"
"D22062973","1","523001","ze296538","1","0","0","0","ze309702"," "," "," "," "," "," "," ","310","2022-06-29 14:46:17","0000-00-00 00:00:00","0000-00-00 00:00:00","0000-00-00 00:00:00","0"," ","0000-00-00 00:00:00"," ","redo"," "," "," ","0",,,,"0"
"D22070152","1","523001","ze293091","2","0","0","0","ze309702"," "," "," "," "," "," "," ","312","2022-07-05 09:02:18","0000-00-00 00:00:00","0000-00-00 00:00:00","0000-00-00 00:00:00","0"," ","0000-00-00 00:00:00"," ",," "," "," ","0",,,,"0"
"D22070175","1","523001","ze293091","2","0","0","0","ze309702"," "," "," "," "," "," "," ","311","2022-07-05 09:02:21","0000-00-00 00:00:00","0000-00-00 00:00:00","0000-00-00 00:00:00","0"," ","0000-00-00 00:00:00"," ",," "," "," ","0",,,,"0"
"D22070479","1","523001","ze281875","2","0","0","0","ze309702"," "," "," "," "," "," "," ","313","2022-07-05 09:02:14","0000-00-00 00:00:00","0000-00-00 00:00:00","0000-00-00 00:00:00","0"," ","0000-00-00 00:00:00"," ",," "," "," ","0",,,,"0"
"D22070550","1","523001","ze296538","2","0","0","0","ze309702"," "," "," "," "," "," "," ","314","2022-07-11 11:26:11","0000-00-00 00:00:00","0000-00-00 00:00:00","0000-00-00 00:00:00","0"," ","0000-00-00 00:00:00"," ",," "," "," ","0",,,,"0"
"D22070716","1","523001","ze296538","2","0","0","0","ze309702"," "," "," "," "," "," "," ","315","2022-07-11 11:26:06","0000-00-00 00:00:00","0000-00-00 00:00:00","0000-00-00 00:00:00","0"," ","0000-00-00 00:00:00"," ",," "," "," ","0",,,,"0"
"D2207076","1","523001","ze296538","2","0","0","0","ze309702"," "," "," "," "," "," "," ","316","2022-07-11 11:26:01","0000-00-00 00:00:00","0000-00-00 00:00:00","0000-00-00 00:00:00","0"," ","0000-00-00 00:00:00"," ",," "," "," ","0",,,,"0"
"D22070774","1","523001","ze296538","2","0","0","0","ze309702"," "," "," "," "," "," "," ","317","2022-07-11 11:25:55","0000-00-00 00:00:00","0000-00-00 00:00:00","0000-00-00 00:00:00","0"," ","0000-00-00 00:00:00"," ",," "," "," ","0",,,,"0"
"D22070828","1","523001","ze296538","2","0","0","0","ze309702"," "," "," "," "," "," "," ","319","2022-07-11 11:25:45","0000-00-00 00:00:00","0000-00-00 00:00:00","0000-00-00 00:00:00","0"," ","0000-00-00 00:00:00"," ",," "," "," ","0",,,,"0"
"D22070842","1","523001","ze281875","2","0","0","0","ze309702"," "," "," "," "," "," "," ","318","2022-07-11 11:25:49","0000-00-00 00:00:00","0000-00-00 00:00:00","0000-00-00 00:00:00","0"," ","0000-00-00 00:00:00"," ",," "," "," ","0",,,,"0"
"D22072535","1","523001","ze296538","2","0","0","0","ze309702"," "," "," "," "," "," "," ","321","2022-07-25 04:30:14","0000-00-00 00:00:00","0000-00-00 00:00:00","0000-00-00 00:00:00","0"," ","0000-00-00 00:00:00"," ",," "," "," ","0",,,,"0"
"D22072596","1","523001","ze296538","2","0","0","0","ze309702"," "," "," "," "," "," "," ","320","2022-07-25 04:30:19","0000-00-00 00:00:00","0000-00-00 00:00:00","0000-00-00 00:00:00","0"," ","0000-00-00 00:00:00"," ",," "," "," ","0",,,,"0"
"D22080147","1","523001","ze296538","2","0","0","0","ze309702"," "," "," "," "," "," "," ","323","2022-08-01 18:14:14","0000-00-00 00:00:00","0000-00-00 00:00:00","0000-00-00 00:00:00","0"," ","0000-00-00 00:00:00"," ",," "," "," ","0",,,,"0"
"D22080183","1","523001","ze296538","2","0","0","0","ze309702"," "," "," "," "," "," "," ","322","2022-08-01 18:14:19","0000-00-00 00:00:00","0000-00-00 00:00:00","0000-00-00 00:00:00","0"," ","0000-00-00 00:00:00"," ",," "," "," ","0",,,,"0"
"D22080197","1","523001","ze296538","2","0","0","0","ze309702"," "," "," "," "," "," "," ","324","2022-08-01 18:14:10","0000-00-00 00:00:00","0000-00-00 00:00:00","0000-00-00 00:00:00","0"," ","0000-00-00 00:00:00"," ",," "," "," ","0",,,,"0"
"D22080211","1","523001","ze293091","2","0","0","0","ze309702"," "," "," "," "," "," "," ","326","2022-08-03 17:48:00","0000-00-00 00:00:00","0000-00-00 00:00:00","0000-00-00 00:00:00","0"," ","0000-00-00 00:00:00"," ",," "," "," ","0",,,,"0"
"D22080251","1","523001","ze293091","2","0","0","0","ze309702"," "," "," "," "," "," "," ","325","2022-08-03 17:48:07","0000-00-00 00:00:00","0000-00-00 00:00:00","0000-00-00 00:00:00","0"," ","0000-00-00 00:00:00"," ",," "," "," ","0",,,,"0"
"D2208042","1","523001","ze296538","2","0","0","0","ze309702"," "," "," "," "," "," "," ","327","2022-08-04 18:23:48","0000-00-00 00:00:00","0000-00-00 00:00:00","0000-00-00 00:00:00","0"," ","0000-00-00 00:00:00"," ",," "," "," ","0",,,,"0"
"D22080429","1","523001","ze293091","2","0","0","0","ze309702"," "," "," "," "," "," "," ","328","2022-08-05 14:36:21","0000-00-00 00:00:00","0000-00-00 00:00:00","0000-00-00 00:00:00","0"," ","0000-00-00 00:00:00"," ",," "," "," ","0",,,,"0"
"D22080443","1","523001","ze293091","2","0","0","0","ze309702"," "," "," "," "," "," "," ","329","2022-08-05 14:36:16","0000-00-00 00:00:00","0000-00-00 00:00:00","0000-00-00 00:00:00","0"," ","0000-00-00 00:00:00"," ",," "," "," ","0",,,,"0"
"D22081030","1","523001","ze296538","2","0","0","0","ze309702"," "," "," "," "," "," "," ","331","2022-08-10 13:47:47","0000-00-00 00:00:00","0000-00-00 00:00:00","0000-00-00 00:00:00","0"," ","0000-00-00 00:00:00"," ",," "," "," ","0",,,,"0"
"D22081047","1","523001","ze296538","2","0","0","0","ze309702"," "," "," "," "," "," "," ","333","2022-08-10 13:47:39","0000-00-00 00:00:00","0000-00-00 00:00:00","0000-00-00 00:00:00","0"," ","0000-00-00 00:00:00"," ",," "," "," ","0",,,,"0"
"D22081056","1","523001","ze296538","2","0","0","0","ze309702"," "," "," "," "," "," "," ","334","2022-08-10 13:47:35","0000-00-00 00:00:00","0000-00-00 00:00:00","0000-00-00 00:00:00","0"," ","0000-00-00 00:00:00"," ",," "," "," ","0",,,,"0"
"D2208109","1","523001","ze296538","2","0","0","0","ze309702"," "," "," "," "," "," "," ","330","2022-08-10 13:47:51","0000-00-00 00:00:00","0000-00-00 00:00:00","0000-00-00 00:00:00","0"," ","0000-00-00 00:00:00"," ",," "," "," ","0",,,,"0"
"D22081099","1","523001","ze296538","2","0","0","0","ze309702"," "," "," "," "," "," "," ","332","2022-08-10 13:47:43","0000-00-00 00:00:00","0000-00-00 00:00:00","0000-00-00 00:00:00","0"," ","0000-00-00 00:00:00"," ",," "," "," ","0",,,,"0"
"D22081118","1","523001","ze296538","2","0","0","0","ze309702"," "," "," "," "," "," "," ","335","2022-08-11 10:26:16","0000-00-00 00:00:00","0000-00-00 00:00:00","0000-00-00 00:00:00","0"," ","0000-00-00 00:00:00"," ",," "," "," ","0",,,,"0"
"D22081151","1","523001","ze296538","2","0","0","0","ze309702"," "," "," "," "," "," "," ","336","2022-08-11 10:26:12","0000-00-00 00:00:00","0000-00-00 00:00:00","0000-00-00 00:00:00","0"," ","0000-00-00 00:00:00"," ",," "," "," ","0",,,,"0"
"D22081156","1","523001","ze296538","2","0","0","0","ze309702"," "," "," "," "," "," "," ","337","2022-08-11 10:26:08","0000-00-00 00:00:00","0000-00-00 00:00:00","0000-00-00 00:00:00","0"," ","0000-00-00 00:00:00"," ",," "," "," ","0",,,,"0"
"D22081667","1","523001","ze296538","2","0","0","0","ze309702"," "," "," "," "," "," "," ","339","2022-08-18 14:39:22","0000-00-00 00:00:00","0000-00-00 00:00:00","0000-00-00 00:00:00","0"," ","0000-00-00 00:00:00"," ",," "," "," ","0",,,,"0"
"D22081686","1","523001","ze296538","2","0","0","0","ze309702"," "," "," "," "," "," "," ","338","2022-08-18 14:39:27","0000-00-00 00:00:00","0000-00-00 00:00:00","0000-00-00 00:00:00","0"," ","0000-00-00 00:00:00"," ",," "," "," ","0",,,,"0"
"D22081930","1","525000","ze329223","2","0","0","0","ze325650"," "," "," "," "," "," "," ","340","2022-09-06 14:11:01","0000-00-00 00:00:00","0000-00-00 00:00:00","0000-00-00 00:00:00","0"," ","0000-00-00 00:00:00"," ",," "," "," ","0",,,,"0"
"D22082513","1","523001","ze281875","2","0","0","0","ze309702"," "," "," "," "," "," "," ","344","2022-08-26 18:09:14","0000-00-00 00:00:00","0000-00-00 00:00:00","0000-00-00 00:00:00","0"," ","0000-00-00 00:00:00"," ",," "," "," ","0",,,,"0"
"D22082564","1","523001","ze281875","2","0","0","0","ze309702"," "," "," "," "," "," "," ","342","2022-08-26 18:09:23","0000-00-00 00:00:00","0000-00-00 00:00:00","0000-00-00 00:00:00","0"," ","0000-00-00 00:00:00"," ",," "," "," ","0",,,,"0"
"D22082568","1","523001","ze281875","2","0","0","0","ze309702"," "," "," "," "," "," "," ","343","2022-08-26 18:09:19","0000-00-00 00:00:00","0000-00-00 00:00:00","0000-00-00 00:00:00","0"," ","0000-00-00 00:00:00"," ",," "," "," ","0",,,,"0"
"D22082588","1","523001","ze281875","2","0","0","0","ze309702"," "," "," "," "," "," "," ","341","2022-08-26 18:09:27","0000-00-00 00:00:00","0000-00-00 00:00:00","0000-00-00 00:00:00","0"," ","0000-00-00 00:00:00"," ",," "," "," ","0",,,,"0"
"D22082686","1","523001","ze281875","2","0","0","0","ze309702"," "," "," "," "," "," "," ","345","2022-08-29 14:26:59","0000-00-00 00:00:00","0000-00-00 00:00:00","0000-00-00 00:00:00","0"," ","0000-00-00 00:00:00"," ",," "," "," ","0",,,,"0"
"D22082695","1","523001","ze281875","2","0","0","0","ze309702"," "," "," "," "," "," "," ","346","2022-08-29 14:26:55","0000-00-00 00:00:00","0000-00-00 00:00:00","0000-00-00 00:00:00","0"," ","0000-00-00 00:00:00"," ",," "," "," ","0",,,,"0"
"D22083083","1","523001","ze281875","2","0","0","0","ze309702"," "," "," "," "," "," "," ","347","2022-09-01 20:48:40","0000-00-00 00:00:00","0000-00-00 00:00:00","0000-00-00 00:00:00","0"," ","0000-00-00 00:00:00"," ",," "," "," ","0",,,,"0"
"D22090142","1","523001","ze281875","2","0","0","0","ze309702"," "," "," "," "," "," "," ","350","2022-09-01 20:48:25","0000-00-00 00:00:00","0000-00-00 00:00:00","0000-00-00 00:00:00","0"," ","0000-00-00 00:00:00"," ",," "," "," ","0",,,,"0"
"D22090147","1","523001","ze281875","2","0","0","0","ze309702"," "," "," "," "," "," "," ","348","2022-09-01 20:48:35","0000-00-00 00:00:00","0000-00-00 00:00:00","0000-00-00 00:00:00","0"," ","0000-00-00 00:00:00"," ",," "," "," ","0",,,,"0"
"D22090167","1","523001","ze281875","1","0","0","0","ze309702"," "," "," "," "," "," "," ","351","2022-09-05 22:19:10","0000-00-00 00:00:00","0000-00-00 00:00:00","0000-00-00 00:00:00","0"," ","0000-00-00 00:00:00"," ","done before"," "," "," ","0",,,,"0"
"D22090188","1","523001","ze281875","2","0","0","0","ze309702"," "," "," "," "," "," "," ","349","2022-09-01 20:48:29","0000-00-00 00:00:00","0000-00-00 00:00:00","0000-00-00 00:00:00","0"," ","0000-00-00 00:00:00"," ",," "," "," ","0",,,,"0"
"D22090582","1","523001","ze281875","2","0","0","0","ze309702"," "," "," "," "," "," "," ","352","2022-09-05 13:37:35","0000-00-00 00:00:00","0000-00-00 00:00:00","0000-00-00 00:00:00","0"," ","0000-00-00 00:00:00"," ",," "," "," ","0",,,,"0"
"D22090621","1","523001","ze293091","2","0","0","0","ze309702"," "," "," "," "," "," "," ","353","2022-09-06 21:46:18","0000-00-00 00:00:00","0000-00-00 00:00:00","0000-00-00 00:00:00","0"," ","0000-00-00 00:00:00"," ",," "," "," ","0",,,,"0"
"D22090628","1","523001","ze293091","2","0","0","0","ze309702"," "," "," "," "," "," "," ","354","2022-09-06 21:46:13","0000-00-00 00:00:00","0000-00-00 00:00:00","0000-00-00 00:00:00","0"," ","0000-00-00 00:00:00"," ",," "," "," ","0",,,,"0"
"D22090911","1","523001","ze293091","2","0","0","0","ze309702"," "," "," "," "," "," "," ","357","2022-09-15 13:31:18","0000-00-00 00:00:00","0000-00-00 00:00:00","0000-00-00 00:00:00","0"," ","0000-00-00 00:00:00"," ",," "," "," ","0",,,,"0"
"D22090916","1","523001","ze293091","2","0","0","0","ze309702"," "," "," "," "," "," "," ","356","2022-09-15 13:31:22","0000-00-00 00:00:00","0000-00-00 00:00:00","0000-00-00 00:00:00","0"," ","0000-00-00 00:00:00"," ",," "," "," ","0",,,,"0"
"D22090919","1","523001","ze281875","2","0","0","0","ze309702"," "," "," "," "," "," "," ","360","2022-09-15 13:31:05","0000-00-00 00:00:00","0000-00-00 00:00:00","0000-00-00 00:00:00","0"," ","0000-00-00 00:00:00"," ",," "," "," ","0",,,,"0"
"D22090942","1","523001","ze281875","2","0","0","0","ze309702"," "," "," "," "," "," "," ","361","2022-09-15 13:31:01","0000-00-00 00:00:00","0000-00-00 00:00:00","0000-00-00 00:00:00","0"," ","0000-00-00 00:00:00"," ",," "," "," ","0",,,,"0"
"D2209096","1","523001","ze293091","2","0","0","0","ze309702"," "," "," "," "," "," "," ","355","2022-09-15 13:31:26","0000-00-00 00:00:00","0000-00-00 00:00:00","0000-00-00 00:00:00","0"," ","0000-00-00 00:00:00"," ",," "," "," ","0",,,,"0"
"D22090978","1","523001","ze281875","2","0","0","0","ze309702"," "," "," "," "," "," "," ","358","2022-09-15 13:31:13","0000-00-00 00:00:00","0000-00-00 00:00:00","0000-00-00 00:00:00","0"," ","0000-00-00 00:00:00"," ",," "," "," ","0",,,,"0"
"D22090989","1","523001","ze281875","2","0","0","0","ze309702"," "," "," "," "," "," "," ","359","2022-09-15 13:31:09","0000-00-00 00:00:00","0000-00-00 00:00:00","0000-00-00 00:00:00","0"," ","0000-00-00 00:00:00"," ",," "," "," ","0",,,,"0"
"D22091218","1","523001","ze293091","2","0","0","0","ze309702"," "," "," "," "," "," "," ","363","2022-09-15 13:30:53","0000-00-00 00:00:00","0000-00-00 00:00:00","0000-00-00 00:00:00","0"," ","0000-00-00 00:00:00"," ",," "," "," ","0",,,,"0"
"D22091224","1","523001","ze293091","2","0","0","0","ze309702"," "," "," "," "," "," "," ","362","2022-09-15 13:30:57","0000-00-00 00:00:00","0000-00-00 00:00:00","0000-00-00 00:00:00","0"," ","0000-00-00 00:00:00"," ",," "," "," ","0",,,,"0"
"D22091250","1","523001","ze293091","2","0","0","0","ze309702"," "," "," "," "," "," "," ","364","2022-09-15 13:30:48","0000-00-00 00:00:00","0000-00-00 00:00:00","0000-00-00 00:00:00","0"," ","0000-00-00 00:00:00"," ",," "," "," ","0",,,,"0"
"D22091492","1","523001","ze293091","2","0","0","0","ze309702"," "," "," "," "," "," "," ","365","2022-09-15 13:30:44","0000-00-00 00:00:00","0000-00-00 00:00:00","0000-00-00 00:00:00","0"," ","0000-00-00 00:00:00"," ",," "," "," ","0",,,,"0"
"D22091613","1","523001","ze281875","2","0","0","0","ze309702"," "," "," "," "," "," "," ","366","2022-09-19 18:30:06","0000-00-00 00:00:00","0000-00-00 00:00:00","0000-00-00 00:00:00","0"," ","0000-00-00 00:00:00"," ",," "," "," ","0",,,,"0"
"D22091680","1","523001","ze281875","2","0","0","0","ze309702"," "," "," "," "," "," "," ","367","2022-09-19 18:29:58","0000-00-00 00:00:00","0000-00-00 00:00:00","0000-00-00 00:00:00","0"," ","0000-00-00 00:00:00"," ",," "," "," ","0",,,,"0"
"D22091955","1","523001","ze293091","1","0","0","0","ze309702"," "," "," "," "," "," "," ","368","2022-10-07 18:13:13","0000-00-00 00:00:00","0000-00-00 00:00:00","0000-00-00 00:00:00","0"," ","0000-00-00 00:00:00"," ","done"," "," "," ","0",,,,"0"
"D22092610","1","523001","ze281875","2","0","0","0","ze309702"," "," "," "," "," "," "," ","374","2022-09-26 13:40:38","0000-00-00 00:00:00","0000-00-00 00:00:00","0000-00-00 00:00:00","0"," ","0000-00-00 00:00:00"," ",," "," "," ","0",,,,"0"
"D22092623","1","523001","ze281875","2","0","0","0","ze309702"," "," "," "," "," "," "," ","377","2022-09-26 13:40:26","0000-00-00 00:00:00","0000-00-00 00:00:00","0000-00-00 00:00:00","0"," ","0000-00-00 00:00:00"," ",," "," "," ","0",,,,"0"
"D22092640","1","523001","ze281875","2","0","0","0","ze309702"," "," "," "," "," "," "," ","378","2022-09-26 13:40:23","0000-00-00 00:00:00","0000-00-00 00:00:00","0000-00-00 00:00:00","0"," ","0000-00-00 00:00:00"," ",," "," "," ","0",,,,"0"
"D22092643","1","523001","ze281875","2","0","0","0","ze309702"," "," "," "," "," "," "," ","375","2022-09-26 13:40:35","0000-00-00 00:00:00","0000-00-00 00:00:00","0000-00-00 00:00:00","0"," ","0000-00-00 00:00:00"," ",," "," "," ","0",,,,"0"
"D22092652","1","523001","ze281875","2","0","0","0","ze309702"," "," "," "," "," "," "," ","371","2022-09-26 13:40:51","0000-00-00 00:00:00","0000-00-00 00:00:00","0000-00-00 00:00:00","0"," ","0000-00-00 00:00:00"," ",," "," "," ","0",,,,"0"
"D22092657","1","523001","ze281875","2","0","0","0","ze309702"," "," "," "," "," "," "," ","381","2022-09-26 13:40:10","0000-00-00 00:00:00","0000-00-00 00:00:00","0000-00-00 00:00:00","0"," ","0000-00-00 00:00:00"," ",," "," "," ","0",,,,"0"
"D22092665","1","523001","ze281875","2","0","0","0","ze309702"," "," "," "," "," "," "," ","373","2022-09-26 13:40:43","0000-00-00 00:00:00","0000-00-00 00:00:00","0000-00-00 00:00:00","0"," ","0000-00-00 00:00:00"," ",," "," "," ","0",,,,"0"
"D22092667","1","523001","ze281875","2","0","0","0","ze309702"," "," "," "," "," "," "," ","380","2022-09-26 13:40:14","0000-00-00 00:00:00","0000-00-00 00:00:00","0000-00-00 00:00:00","0"," ","0000-00-00 00:00:00"," ",," "," "," ","0",,,,"0"
"D22092668","1","523001","ze281875","2","0","0","0","ze309702"," "," "," "," "," "," "," ","372","2022-09-26 13:40:48","0000-00-00 00:00:00","0000-00-00 00:00:00","0000-00-00 00:00:00","0"," ","0000-00-00 00:00:00"," ",," "," "," ","0",,,,"0"
"D22092674","1","523001","ze281875","2","0","0","0","ze309702"," "," "," "," "," "," "," ","369","2022-09-26 13:40:59","0000-00-00 00:00:00","0000-00-00 00:00:00","0000-00-00 00:00:00","0"," ","0000-00-00 00:00:00"," ",," "," "," ","0",,,,"0"
"D22092675","1","523001","ze281875","2","0","0","0","ze309702"," "," "," "," "," "," "," ","376","2022-09-26 13:40:30","0000-00-00 00:00:00","0000-00-00 00:00:00","0000-00-00 00:00:00","0"," ","0000-00-00 00:00:00"," ",," "," "," ","0",,,,"0"
"D22092683","1","523001","ze281875","2","0","0","0","ze309702"," "," "," "," "," "," "," ","370","2022-09-26 13:40:55","0000-00-00 00:00:00","0000-00-00 00:00:00","0000-00-00 00:00:00","0"," ","0000-00-00 00:00:00"," ",," "," "," ","0",,,,"0"
"D22092693","1","523001","ze281875","2","0","0","0","ze309702"," "," "," "," "," "," "," ","379","2022-09-26 13:40:18","0000-00-00 00:00:00","0000-00-00 00:00:00","0000-00-00 00:00:00","0"," ","0000-00-00 00:00:00"," ",," "," "," ","0",,,,"0"
"D22092710","1","523001","ze293091","2","0","0","0","ze309702"," "," "," "," "," "," "," ","383","2022-09-28 18:19:26","0000-00-00 00:00:00","0000-00-00 00:00:00","0000-00-00 00:00:00","0"," ","0000-00-00 00:00:00"," ",," "," "," ","0",,,,"0"
"D2209277","1","523001","ze293091","2","0","0","0","ze309702"," "," "," "," "," "," "," ","382","2022-09-28 18:19:31","0000-00-00 00:00:00","0000-00-00 00:00:00","0000-00-00 00:00:00","0"," ","0000-00-00 00:00:00"," ",," "," "," ","0",,,,"0"
"D22100498","1","523001","ze281875","2","0","0","0","ze309702"," "," "," "," "," "," "," ","384","2022-10-07 18:12:47","0000-00-00 00:00:00","0000-00-00 00:00:00","0000-00-00 00:00:00","0"," ","0000-00-00 00:00:00"," ",," "," "," ","0",,,,"0"
"D2210102","1","523001","ze281875","2","0","0","0","ze309702"," "," "," "," "," "," "," ","385","2022-10-11 18:04:00","0000-00-00 00:00:00","0000-00-00 00:00:00","0000-00-00 00:00:00","0"," ","0000-00-00 00:00:00"," ",," "," "," ","0",,,,"0"
"D22101029","1","523001","ze281875","2","0","0","0","ze309702"," "," "," "," "," "," "," ","387","2022-10-11 18:03:42","0000-00-00 00:00:00","0000-00-00 00:00:00","0000-00-00 00:00:00","0"," ","0000-00-00 00:00:00"," ",," "," "," ","0",,,,"0"
"D22101094","1","523001","ze281875","2","0","0","0","ze309702"," "," "," "," "," "," "," ","386","2022-10-11 18:04:03","0000-00-00 00:00:00","0000-00-00 00:00:00","0000-00-00 00:00:00","0"," ","0000-00-00 00:00:00"," ",," "," "," ","0",,,,"0"
"D22101095","1","523001","ze281875","2","0","0","0","ze309702"," "," "," "," "," "," "," ","388","2022-10-11 18:03:38","0000-00-00 00:00:00","0000-00-00 00:00:00","0000-00-00 00:00:00","0"," ","0000-00-00 00:00:00"," ",," "," "," ","0",,,,"0"
"D22101829","1","523001","ze293091","2","0","0","0","ze309702"," "," "," "," "," "," "," ","390","2022-10-24 18:22:34","0000-00-00 00:00:00","0000-00-00 00:00:00","0000-00-00 00:00:00","0"," ","0000-00-00 00:00:00"," ",," "," "," ","0",,,,"0"
"D22101833","1","523001","ze293091","2","0","0","0","ze309702"," "," "," "," "," "," "," ","391","2022-10-24 18:22:30","0000-00-00 00:00:00","0000-00-00 00:00:00","0000-00-00 00:00:00","0"," ","0000-00-00 00:00:00"," ",," "," "," ","0",,,,"0"
"D22101871","1","523001","ze293091","2","0","0","0","ze309702"," "," "," "," "," "," "," ","389","2022-10-24 18:22:38","0000-00-00 00:00:00","0000-00-00 00:00:00","0000-00-00 00:00:00","0"," ","0000-00-00 00:00:00"," ",," "," "," ","0",,,,"0"
"D22101956","1","523001","ze293091","2","0","0","0","ze309702"," "," "," "," "," "," "," ","392","2022-10-24 18:22:26","0000-00-00 00:00:00","0000-00-00 00:00:00","0000-00-00 00:00:00","0"," ","0000-00-00 00:00:00"," ",," "," "," ","0",,,,"0"
"D22102115","1","523001","ze293091","2","0","0","0","ze309702"," "," "," "," "," "," "," ","393","2022-10-24 18:22:22","0000-00-00 00:00:00","0000-00-00 00:00:00","0000-00-00 00:00:00","0"," ","0000-00-00 00:00:00"," ",," "," "," ","0",,,,"0"
"D22102525","1","523001","ze281875","2","0","0","0","ze309702"," "," "," "," "," "," "," ","394","2022-10-31 12:57:01","0000-00-00 00:00:00","0000-00-00 00:00:00","0000-00-00 00:00:00","0"," ","0000-00-00 00:00:00"," ",," "," "," ","0",,,,"0"
"D22102545","1","523001","ze281875","2","0","0","0","ze309702"," "," "," "," "," "," "," ","397","2022-10-31 12:56:48","0000-00-00 00:00:00","0000-00-00 00:00:00","0000-00-00 00:00:00","0"," ","0000-00-00 00:00:00"," ",," "," "," ","0",,,,"0"
"D22102549","1","523001","ze281875","2","0","0","0","ze309702"," "," "," "," "," "," "," ","395","2022-10-31 12:56:57","0000-00-00 00:00:00","0000-00-00 00:00:00","0000-00-00 00:00:00","0"," ","0000-00-00 00:00:00"," ",," "," "," ","0",,,,"0"
"D22102550","1","523001","ze281875","2","0","0","0","ze309702"," "," "," "," "," "," "," ","401","2022-10-31 12:56:33","0000-00-00 00:00:00","0000-00-00 00:00:00","0000-00-00 00:00:00","0"," ","0000-00-00 00:00:00"," ",," "," "," ","0",,,,"0"
"D22102565","1","523001","ze281875","2","0","0","0","ze309702"," "," "," "," "," "," "," ","398","2022-10-31 12:56:45","0000-00-00 00:00:00","0000-00-00 00:00:00","0000-00-00 00:00:00","0"," ","0000-00-00 00:00:00"," ",," "," "," ","0",,,,"0"
"D22102570","1","523001","ze281875","2","0","0","0","ze309702"," "," "," "," "," "," "," ","396","2022-10-31 12:56:53","0000-00-00 00:00:00","0000-00-00 00:00:00","0000-00-00 00:00:00","0"," ","0000-00-00 00:00:00"," ",," "," "," ","0",,,,"0"
"D22102579","1","523001","ze281875","2","0","0","0","ze309702"," "," "," "," "," "," "," ","400","2022-10-31 12:56:37","0000-00-00 00:00:00","0000-00-00 00:00:00","0000-00-00 00:00:00","0"," ","0000-00-00 00:00:00"," ",," "," "," ","0",,,,"0"
"D2210258","1","523001","ze281875","2","0","0","0","ze309702"," "," "," "," "," "," "," ","399","2022-10-31 12:56:41","0000-00-00 00:00:00","0000-00-00 00:00:00","0000-00-00 00:00:00","0"," ","0000-00-00 00:00:00"," ",," "," "," ","0",,,,"0"
"D22102644","1","523001","ze281875","2","0","0","0","ze309702"," "," "," "," "," "," "," ","402","2022-10-31 12:56:30","0000-00-00 00:00:00","0000-00-00 00:00:00","0000-00-00 00:00:00","0"," ","0000-00-00 00:00:00"," ",," "," "," ","0",,,,"0"
"D22103199","1","523001","ze281875","2","0","0","0","ze309702"," "," "," "," "," "," "," ","403","2022-10-31 12:56:26","0000-00-00 00:00:00","0000-00-00 00:00:00","0000-00-00 00:00:00","0"," ","0000-00-00 00:00:00"," ",," "," "," ","0",,,,"0"
"D22110135","1","523001","ze281875","2","0","0","0","ze309702"," "," "," "," "," "," "," ","404","2022-11-01 13:59:57","0000-00-00 00:00:00","0000-00-00 00:00:00","0000-00-00 00:00:00","0"," ","0000-00-00 00:00:00"," ",," "," "," ","0",,,,"0"
"D22111816","1","523001","ze281875","2","0","0","0","ze309702"," "," "," "," "," "," "," ","406","2022-11-22 12:38:56","0000-00-00 00:00:00","0000-00-00 00:00:00","0000-00-00 00:00:00","0"," ","0000-00-00 00:00:00"," ",," "," "," ","0",,,,"0"
"D22111840","1","523001","ze281875","2","0","0","0","ze309702"," "," "," "," "," "," "," ","405","2022-11-22 12:39:01","0000-00-00 00:00:00","0000-00-00 00:00:00","0000-00-00 00:00:00","0"," ","0000-00-00 00:00:00"," ",," "," "," ","0",,,,"0"
"D2211188","1","523001","ze281875","1","0","0","0","ze309702"," "," "," "," "," "," "," ","407","2022-11-24 00:46:07","0000-00-00 00:00:00","0000-00-00 00:00:00","0000-00-00 00:00:00","0"," ","0000-00-00 00:00:00"," ","use petty cash
"," "," "," ","0",,,,"0"
"D22112120","1","523001","ze281875","2","0","0","0","ze309702"," "," "," "," "," "," "," ","408","2022-11-22 12:38:40","0000-00-00 00:00:00","0000-00-00 00:00:00","0000-00-00 00:00:00","0"," ","0000-00-00 00:00:00"," ",," "," "," ","0",,,,"0"
"D22112122","1","523001","ze281875","2","0","0","0","ze309702"," "," "," "," "," "," "," ","411","2022-11-22 12:38:28","0000-00-00 00:00:00","0000-00-00 00:00:00","0000-00-00 00:00:00","0"," ","0000-00-00 00:00:00"," ",," "," "," ","0",,,,"0"
"D22112168","1","523001","ze281875","2","0","0","0","ze309702"," "," "," "," "," "," "," ","409","2022-11-22 12:38:36","0000-00-00 00:00:00","0000-00-00 00:00:00","0000-00-00 00:00:00","0"," ","0000-00-00 00:00:00"," ",," "," "," ","0",,,,"0"
"D22112173","1","523001","ze281875","2","0","0","0","ze309702"," "," "," "," "," "," "," ","410","2022-11-22 12:38:32","0000-00-00 00:00:00","0000-00-00 00:00:00","0000-00-00 00:00:00","0"," ","0000-00-00 00:00:00"," ",," "," "," ","0",,,,"0"
"D22112231","1","523001","ze281875","2","0","0","0","ze309702"," "," "," "," "," "," "," ","413","2022-11-22 12:38:21","0000-00-00 00:00:00","0000-00-00 00:00:00","0000-00-00 00:00:00","0"," ","0000-00-00 00:00:00"," ",," "," "," ","0",,,,"0"
"D22112266","1","523001","ze281875","2","0","0","0","ze309702"," "," "," "," "," "," "," ","415","2022-11-22 12:38:13","0000-00-00 00:00:00","0000-00-00 00:00:00","0000-00-00 00:00:00","0"," ","0000-00-00 00:00:00"," ",," "," "," ","0",,,,"0"
"D22112278","1","523001","ze281875","2","0","0","0","ze309702"," "," "," "," "," "," "," ","414","2022-11-22 12:38:17","0000-00-00 00:00:00","0000-00-00 00:00:00","0000-00-00 00:00:00","0"," ","0000-00-00 00:00:00"," ",," "," "," ","0",,,,"0"
"D22112279","1","523001","ze281875","2","0","0","0","ze309702"," "," "," "," "," "," "," ","412","2022-11-22 12:38:24","0000-00-00 00:00:00","0000-00-00 00:00:00","0000-00-00 00:00:00","0"," ","0000-00-00 00:00:00"," ",," "," "," ","0",,,,"0"
"D22112591","1","523001","ze281875","2","0","0","0","ze309702"," "," "," "," "," "," "," ","416","2022-11-30 21:52:11","0000-00-00 00:00:00","0000-00-00 00:00:00","0000-00-00 00:00:00","0"," ","0000-00-00 00:00:00"," ",," "," "," ","0",,,,"0"
"D22120125","1","523001","ze281875","2","0","0","0","ze309702"," "," "," "," "," "," "," ","417","2022-12-01 13:57:19","0000-00-00 00:00:00","0000-00-00 00:00:00","0000-00-00 00:00:00","0"," ","0000-00-00 00:00:00"," ",," "," "," ","0",,,,"0"
"D2212013","1","523001","ze281875","2","0","0","0","ze309702"," "," "," "," "," "," "," ","422","2022-12-01 13:57:32","0000-00-00 00:00:00","0000-00-00 00:00:00","0000-00-00 00:00:00","0"," ","0000-00-00 00:00:00"," ",," "," "," ","0",,,,"0"
"D22120142","1","523001","ze281875","2","0","0","0","ze309702"," "," "," "," "," "," "," ","418","2022-12-01 13:57:49","0000-00-00 00:00:00","0000-00-00 00:00:00","0000-00-00 00:00:00","0"," ","0000-00-00 00:00:00"," ",," "," "," ","0",,,,"0"
"D22120145","1","523001","ze281875","2","0","0","0","ze309702"," "," "," "," "," "," "," ","420","2022-12-01 13:57:40","0000-00-00 00:00:00","0000-00-00 00:00:00","0000-00-00 00:00:00","0"," ","0000-00-00 00:00:00"," ",," "," "," ","0",,,,"0"
"D22120150","1","523001","ze281875","2","0","0","0","ze309702"," "," "," "," "," "," "," ","424","2022-12-01 13:57:24","0000-00-00 00:00:00","0000-00-00 00:00:00","0000-00-00 00:00:00","0"," ","0000-00-00 00:00:00"," ",," "," "," ","0",,,,"0"
"D22120174","1","523001","ze281875","2","0","0","0","ze309702"," "," "," "," "," "," "," ","419","2022-12-01 13:57:45","0000-00-00 00:00:00","0000-00-00 00:00:00","0000-00-00 00:00:00","0"," ","0000-00-00 00:00:00"," ",," "," "," ","0",,,,"0"
"D22120180","1","523001","ze281875","2","0","0","0","ze309702"," "," "," "," "," "," "," ","423","2022-12-01 13:57:28","0000-00-00 00:00:00","0000-00-00 00:00:00","0000-00-00 00:00:00","0"," ","0000-00-00 00:00:00"," ",," "," "," ","0",,,,"0"
"D22120181","1","523001","ze281875","2","0","0","0","ze309702"," "," "," "," "," "," "," ","421","2022-12-01 13:57:36","0000-00-00 00:00:00","0000-00-00 00:00:00","0000-00-00 00:00:00","0"," ","0000-00-00 00:00:00"," ",," "," "," ","0",,,,"0"
"D22120713","1","523001","ze281875","2","0","0","0","ze309702"," "," "," "," "," "," "," ","425","2022-12-12 13:57:31","0000-00-00 00:00:00","0000-00-00 00:00:00","0000-00-00 00:00:00","0"," ","0000-00-00 00:00:00"," ",," "," "," ","0",,,,"0"
"D22121313","1","523001","ze281875","2","0","0","0","ze309702"," "," "," "," "," "," "," ","429","2022-12-30 21:58:37","0000-00-00 00:00:00","0000-00-00 00:00:00","0000-00-00 00:00:00","0"," ","0000-00-00 00:00:00"," ",," "," "," ","0",,,,"0"
"D22121321","1","524601","ze54119","2","0","0","0","ze231169"," "," "," "," "," "," "," ","433","2023-01-13 18:36:04","0000-00-00 00:00:00","0000-00-00 00:00:00","0000-00-00 00:00:00","0"," ","0000-00-00 00:00:00"," "," "," "," "," ","0",,,,"0"
"D22121332","1","523001","ze281875","2","0","0","0","ze309702"," "," "," "," "," "," "," ","431","2022-12-30 21:58:27","0000-00-00 00:00:00","0000-00-00 00:00:00","0000-00-00 00:00:00","0"," ","0000-00-00 00:00:00"," ",," "," "," ","0",,,,"0"
"D22121335","1","523001","ze281875","2","0","0","0","ze309702"," "," "," "," "," "," "," ","427","2022-12-30 21:58:44","0000-00-00 00:00:00","0000-00-00 00:00:00","0000-00-00 00:00:00","0"," ","0000-00-00 00:00:00"," ",," "," "," ","0",,,,"0"
"D22121348","1","524601","ze54119","2","0","0","0","ze231169"," "," "," "," "," "," "," ","434","2023-01-13 18:36:00","0000-00-00 00:00:00","0000-00-00 00:00:00","0000-00-00 00:00:00","0"," ","0000-00-00 00:00:00"," "," "," "," "," ","0",,,,"0"
"D22121366","1","524601","ze54119","2","0","0","0","ze231169"," "," "," "," "," "," "," ","432","2023-01-13 18:36:08","0000-00-00 00:00:00","0000-00-00 00:00:00","0000-00-00 00:00:00","0"," ","0000-00-00 00:00:00"," "," "," "," "," ","0",,,,"0"
"D22121372","1","523001","ze281875","2","0","0","0","ze309702"," "," "," "," "," "," "," ","426","2022-12-30 21:58:47","0000-00-00 00:00:00","0000-00-00 00:00:00","0000-00-00 00:00:00","0"," ","0000-00-00 00:00:00"," ",," "," "," ","0",,,,"0"
"D22121375","1","524601","ze54119","2","0","0","0","ze231169"," "," "," "," "," "," "," ","436","2023-01-13 18:36:12","0000-00-00 00:00:00","0000-00-00 00:00:00","0000-00-00 00:00:00","0"," ","0000-00-00 00:00:00"," "," "," "," "," ","0",,,,"0"
"D22121376","1","523001","ze281875","2","0","0","0","ze309702"," "," "," "," "," "," "," ","430","2022-12-30 21:58:31","0000-00-00 00:00:00","0000-00-00 00:00:00","0000-00-00 00:00:00","0"," ","0000-00-00 00:00:00"," ",," "," "," ","0",,,,"0"
"D22121394","1","523001","ze281875","2","0","0","0","ze309702"," "," "," "," "," "," "," ","428","2022-12-30 21:58:40","0000-00-00 00:00:00","0000-00-00 00:00:00","0000-00-00 00:00:00","0"," ","0000-00-00 00:00:00"," ",," "," "," ","0",,,,"0"
"D23012051","1","523001","ze281875","2","0","0","0","ze309702"," "," "," "," "," "," "," ","438","2023-03-13 20:15:25","0000-00-00 00:00:00","0000-00-00 00:00:00","0000-00-00 00:00:00","0"," ","0000-00-00 00:00:00"," ",," "," "," ","0",,,,"0"
"D23012083","1","523001","ze281875","2","0","0","0","ze309702"," "," "," "," "," "," "," ","437","2023-03-13 20:15:28","0000-00-00 00:00:00","0000-00-00 00:00:00","0000-00-00 00:00:00","0"," ","0000-00-00 00:00:00"," ",," "," "," ","0",,,,"0"
"D23012412","1","523001","ze281875","2","0","0","0","ze309702"," "," "," "," "," "," "," ","440","2023-03-13 20:15:18","0000-00-00 00:00:00","0000-00-00 00:00:00","0000-00-00 00:00:00","0"," ","0000-00-00 00:00:00"," ",," "," "," ","0",,,,"0"
"D23012439","1","523001","ze281875","2","0","0","0","ze309702"," "," "," "," "," "," "," ","441","2023-03-13 20:15:14","0000-00-00 00:00:00","0000-00-00 00:00:00","0000-00-00 00:00:00","0"," ","0000-00-00 00:00:00"," ",," "," "," ","0",,,,"0"
"D2301245","1","523001","ze281875","2","0","0","0","ze309702"," "," "," "," "," "," "," ","439","2023-03-13 20:15:21","0000-00-00 00:00:00","0000-00-00 00:00:00","0000-00-00 00:00:00","0"," ","0000-00-00 00:00:00"," ",," "," "," ","0",,,,"0"
"D23012487","1","523001","ze281875","2","0","0","0","ze309702"," "," "," "," "," "," "," ","442","2023-03-13 20:15:11","0000-00-00 00:00:00","0000-00-00 00:00:00","0000-00-00 00:00:00","0"," ","0000-00-00 00:00:00"," ",," "," "," ","0",,,,"0"
"D23013019","1","523001","ze281875","2","0","0","0","ze309702"," "," "," "," "," "," "," ","445","2023-03-13 20:14:58","0000-00-00 00:00:00","0000-00-00 00:00:00","0000-00-00 00:00:00","0"," ","0000-00-00 00:00:00"," ",," "," "," ","0",,,,"0"
"D2301309","1","523001","ze281875","2","0","0","0","ze309702"," "," "," "," "," "," "," ","444","2023-03-13 20:15:03","0000-00-00 00:00:00","0000-00-00 00:00:00","0000-00-00 00:00:00","0"," ","0000-00-00 00:00:00"," ",," "," "," ","0",,,,"0"
"D23013097","1","523001","ze281875","2","0","0","0","ze309702"," "," "," "," "," "," "," ","443","2023-03-13 20:15:07","0000-00-00 00:00:00","0000-00-00 00:00:00","0000-00-00 00:00:00","0"," ","0000-00-00 00:00:00"," ",," "," "," ","0",,,,"0"
"D2302022","1","523001","ze281875","2","0","0","0","ze309702"," "," "," "," "," "," "," ","449","2023-03-13 20:14:43","0000-00-00 00:00:00","0000-00-00 00:00:00","0000-00-00 00:00:00","0"," ","0000-00-00 00:00:00"," ",," "," "," ","0",,,,"0"
"D23020240","1","523001","ze281875","2","0","0","0","ze309702"," "," "," "," "," "," "," ","446","2023-03-13 20:14:54","0000-00-00 00:00:00","0000-00-00 00:00:00","0000-00-00 00:00:00","0"," ","0000-00-00 00:00:00"," ",," "," "," ","0",,,,"0"
"D2302027","1","523001","ze281875","2","0","0","0","ze309702"," "," "," "," "," "," "," ","447","2023-03-13 20:14:50","0000-00-00 00:00:00","0000-00-00 00:00:00","0000-00-00 00:00:00","0"," ","0000-00-00 00:00:00"," ",," "," "," ","0",,,,"0"
"D23020289","1","523001","ze281875","2","0","0","0","ze309702"," "," "," "," "," "," "," ","448","2023-03-13 20:14:46","0000-00-00 00:00:00","0000-00-00 00:00:00","0000-00-00 00:00:00","0"," ","0000-00-00 00:00:00"," ",," "," "," ","0",,,,"0"
"D23020668","1","523001","ze281875","2","0","0","0","ze309702"," "," "," "," "," "," "," ","450","2023-03-13 20:14:37","0000-00-00 00:00:00","0000-00-00 00:00:00","0000-00-00 00:00:00","0"," ","0000-00-00 00:00:00"," ",," "," "," ","0",,,,"0"
"D23020846","1","523001","ze281875","2","0","0","0","ze309702"," "," "," "," "," "," "," ","451","2023-03-13 20:14:32","0000-00-00 00:00:00","0000-00-00 00:00:00","0000-00-00 00:00:00","0"," ","0000-00-00 00:00:00"," ",," "," "," ","0",,,,"0"
"D23022295","1","523001","ze281875","2","0","0","0","ze309702"," "," "," "," "," "," "," ","452","2023-03-13 20:14:29","0000-00-00 00:00:00","0000-00-00 00:00:00","0000-00-00 00:00:00","0"," ","0000-00-00 00:00:00"," ",," "," "," ","0",,,,"0"
"D23022321","1","523001","ze281875","2","0","0","0","ze309702"," "," "," "," "," "," "," ","453","2023-03-13 20:14:24","0000-00-00 00:00:00","0000-00-00 00:00:00","0000-00-00 00:00:00","0"," ","0000-00-00 00:00:00"," ",," "," "," ","0",,,,"0"
"D23022722","1","523001","ze281875","2","0","0","0","ze309702"," "," "," "," "," "," "," ","457","2023-03-13 20:14:07","0000-00-00 00:00:00","0000-00-00 00:00:00","0000-00-00 00:00:00","0"," ","0000-00-00 00:00:00"," ",," "," "," ","0",,,,"0"
"D23022728","1","523001","ze281875","2","0","0","0","ze309702"," "," "," "," "," "," "," ","459","2023-03-13 20:13:59","0000-00-00 00:00:00","0000-00-00 00:00:00","0000-00-00 00:00:00","0"," ","0000-00-00 00:00:00"," ",," "," "," ","0",,,,"0"
"D23022757","1","523001","ze281875","2","0","0","0","ze309702"," "," "," "," "," "," "," ","455","2023-03-13 20:14:16","0000-00-00 00:00:00","0000-00-00 00:00:00","0000-00-00 00:00:00","0"," ","0000-00-00 00:00:00"," ",," "," "," ","0",,,,"0"
"D2302276","1","523001","ze281875","2","0","0","0","ze309702"," "," "," "," "," "," "," ","458","2023-03-13 20:14:03","0000-00-00 00:00:00","0000-00-00 00:00:00","0000-00-00 00:00:00","0"," ","0000-00-00 00:00:00"," ",," "," "," ","0",,,,"0"
"D23022774","1","523001","ze281875","2","0","0","0","ze309702"," "," "," "," "," "," "," ","454","2023-03-13 20:14:21","0000-00-00 00:00:00","0000-00-00 00:00:00","0000-00-00 00:00:00","0"," ","0000-00-00 00:00:00"," ",," "," "," ","0",,,,"0"
"D2302278","1","523001","ze281875","2","0","0","0","ze309702"," "," "," "," "," "," "," ","460","2023-03-13 20:13:56","0000-00-00 00:00:00","0000-00-00 00:00:00","0000-00-00 00:00:00","0"," ","0000-00-00 00:00:00"," ",," "," "," ","0",,,,"0"
"D23022784","1","523001","ze281875","2","0","0","0","ze309702"," "," "," "," "," "," "," ","456","2023-03-13 20:14:12","0000-00-00 00:00:00","0000-00-00 00:00:00","0000-00-00 00:00:00","0"," ","0000-00-00 00:00:00"," ",," "," "," ","0",,,,"0"
"D23022890","1","523001","ze281875","2","0","0","0","ze309702"," "," "," "," "," "," "," ","461","2023-03-13 20:13:52","0000-00-00 00:00:00","0000-00-00 00:00:00","0000-00-00 00:00:00","0"," ","0000-00-00 00:00:00"," ",," "," "," ","0",,,,"0"
"D23030197","1","523001","ze281875","2","0","0","0","ze309702"," "," "," "," "," "," "," ","462","2023-03-13 20:13:48","0000-00-00 00:00:00","0000-00-00 00:00:00","0000-00-00 00:00:00","0"," ","0000-00-00 00:00:00"," ",," "," "," ","0",,,,"0"
"D23030217","1","523001","ze281875","2","0","0","0","ze309702"," "," "," "," "," "," "," ","463","2023-03-13 20:13:44","0000-00-00 00:00:00","0000-00-00 00:00:00","0000-00-00 00:00:00","0"," ","0000-00-00 00:00:00"," ",," "," "," ","0",,,,"0"
"D23032143","1","523001","ze281875","2","0","0","0","ze309702"," "," "," "," "," "," "," ","465","2023-04-12 18:00:47","0000-00-00 00:00:00","0000-00-00 00:00:00","0000-00-00 00:00:00","0"," ","0000-00-00 00:00:00"," ",," "," "," ","0",,,,"0"
"D23032193","1","523001","ze281875","2","0","0","0","ze309702"," "," "," "," "," "," "," ","464","2023-04-12 18:00:52","0000-00-00 00:00:00","0000-00-00 00:00:00","0000-00-00 00:00:00","0"," ","0000-00-00 00:00:00"," ",," "," "," ","0",,,,"0"
"D23032414","1","523001","ze281875","2","0","0","0","ze309702"," "," "," "," "," "," "," ","472","2023-04-12 18:00:21","0000-00-00 00:00:00","0000-00-00 00:00:00","0000-00-00 00:00:00","0"," ","0000-00-00 00:00:00"," ",," "," "," ","0",,,,"0"
"D23032425","1","523001","ze281875","2","0","0","0","ze309702"," "," "," "," "," "," "," ","471","2023-04-12 18:00:25","0000-00-00 00:00:00","0000-00-00 00:00:00","0000-00-00 00:00:00","0"," ","0000-00-00 00:00:00"," ",," "," "," ","0",,,,"0"
"D23032452","1","523001","ze281875","2","0","0","0","ze309702"," "," "," "," "," "," "," ","473","2023-04-12 18:00:17","0000-00-00 00:00:00","0000-00-00 00:00:00","0000-00-00 00:00:00","0"," ","0000-00-00 00:00:00"," ",," "," "," ","0",,,,"0"
"D23032465","1","523001","ze281875","2","0","0","0","ze309702"," "," "," "," "," "," "," ","467","2023-04-12 18:00:40","0000-00-00 00:00:00","0000-00-00 00:00:00","0000-00-00 00:00:00","0"," ","0000-00-00 00:00:00"," ",," "," "," ","0",,,,"0"
"D23032470","1","523001","ze281875","2","0","0","0","ze309702"," "," "," "," "," "," "," ","470","2023-04-12 18:00:28","0000-00-00 00:00:00","0000-00-00 00:00:00","0000-00-00 00:00:00","0"," ","0000-00-00 00:00:00"," ",," "," "," ","0",,,,"0"
"D23032476","1","523001","ze281875","2","0","0","0","ze309702"," "," "," "," "," "," "," ","466","2023-04-12 18:00:43","0000-00-00 00:00:00","0000-00-00 00:00:00","0000-00-00 00:00:00","0"," ","0000-00-00 00:00:00"," ",," "," "," ","0",,,,"0"
"D23032478","1","523001","ze281875","2","0","0","0","ze309702"," "," "," "," "," "," "," ","468","2023-04-12 18:00:36","0000-00-00 00:00:00","0000-00-00 00:00:00","0000-00-00 00:00:00","0"," ","0000-00-00 00:00:00"," ",," "," "," ","0",,,,"0"
"D23032481","1","523001","ze281875","2","0","0","0","ze309702"," "," "," "," "," "," "," ","469","2023-04-12 18:00:32","0000-00-00 00:00:00","0000-00-00 00:00:00","0000-00-00 00:00:00","0"," ","0000-00-00 00:00:00"," ",," "," "," ","0",,,,"0"
"D2304052","1","523001","ze281875","2","0","0","0","ze309702"," "," "," "," "," "," "," ","475","2023-04-12 18:00:09","0000-00-00 00:00:00","0000-00-00 00:00:00","0000-00-00 00:00:00","0"," ","0000-00-00 00:00:00"," ",," "," "," ","0",,,,"0"
"D23040577","1","523001","ze281875","2","0","0","0","ze309702"," "," "," "," "," "," "," ","474","2023-04-12 18:00:13","0000-00-00 00:00:00","0000-00-00 00:00:00","0000-00-00 00:00:00","0"," ","0000-00-00 00:00:00"," ",," "," "," ","0",,,,"0"
"D23042620","1","523001","ze281875","2","0","0","0","ze309702"," "," "," "," "," "," "," ","479","2023-05-02 11:24:27","0000-00-00 00:00:00","0000-00-00 00:00:00","0000-00-00 00:00:00","0"," ","0000-00-00 00:00:00"," ",," "," "," ","0",,,,"0"
"D23042629","1","523001","ze281875","2","0","0","0","ze309702"," "," "," "," "," "," "," ","482","2023-05-02 11:24:15","0000-00-00 00:00:00","0000-00-00 00:00:00","0000-00-00 00:00:00","0"," ","0000-00-00 00:00:00"," ",," "," "," ","0",,,,"0"
"D23042637","1","523001","ze281875","2","0","0","0","ze309702"," "," "," "," "," "," "," ","484","2023-05-02 11:24:08","0000-00-00 00:00:00","0000-00-00 00:00:00","0000-00-00 00:00:00","0"," ","0000-00-00 00:00:00"," ",," "," "," ","0",,,,"0"
"D23042640","1","523001","ze281875","2","0","0","0","ze309702"," "," "," "," "," "," "," ","477","2023-05-02 11:24:35","0000-00-00 00:00:00","0000-00-00 00:00:00","0000-00-00 00:00:00","0"," ","0000-00-00 00:00:00"," ",," "," "," ","0",,,,"0"
"D23042646","1","523001","ze281875","2","0","0","0","ze309702"," "," "," "," "," "," "," ","480","2023-05-02 11:24:23","0000-00-00 00:00:00","0000-00-00 00:00:00","0000-00-00 00:00:00","0"," ","0000-00-00 00:00:00"," ",," "," "," ","0",,,,"0"
"D23042648","1","523001","ze281875","2","0","0","0","ze309702"," "," "," "," "," "," "," ","478","2023-05-02 11:24:31","0000-00-00 00:00:00","0000-00-00 00:00:00","0000-00-00 00:00:00","0"," ","0000-00-00 00:00:00"," ",," "," "," ","0",,,,"0"
"D23042661","1","523001","ze281875","2","0","0","0","ze309702"," "," "," "," "," "," "," ","483","2023-05-02 11:24:12","0000-00-00 00:00:00","0000-00-00 00:00:00","0000-00-00 00:00:00","0"," ","0000-00-00 00:00:00"," ",," "," "," ","0",,,,"0"
"D23042663","1","523001","ze281875","2","0","0","0","ze309702"," "," "," "," "," "," "," ","481","2023-05-02 11:24:20","0000-00-00 00:00:00","0000-00-00 00:00:00","0000-00-00 00:00:00","0"," ","0000-00-00 00:00:00"," ",," "," "," ","0",,,,"0"
"D23042671","1","523001","ze281875","2","0","0","0","ze309702"," "," "," "," "," "," "," ","476","2023-05-02 11:24:39","0000-00-00 00:00:00","0000-00-00 00:00:00","0000-00-00 00:00:00","0"," ","0000-00-00 00:00:00"," ",," "," "," ","0",,,,"0"
"D23042694","1","523001","ze281875","2","0","0","0","ze309702"," "," "," "," "," "," "," ","485","2023-05-02 11:24:05","0000-00-00 00:00:00","0000-00-00 00:00:00","0000-00-00 00:00:00","0"," ","0000-00-00 00:00:00"," ",," "," "," ","0",,,,"0"
"D23050293","1","523001","ze281875","2","0","0","0","ze309702"," "," "," "," "," "," "," ","487","2023-05-08 18:19:04","0000-00-00 00:00:00","0000-00-00 00:00:00","0000-00-00 00:00:00","0"," ","0000-00-00 00:00:00"," ",," "," "," ","0",,,,"0"
"D23050296","1","523001","ze281875","2","0","0","0","ze309702"," "," "," "," "," "," "," ","486","2023-05-08 18:19:08","0000-00-00 00:00:00","0000-00-00 00:00:00","0000-00-00 00:00:00","0"," ","0000-00-00 00:00:00"," ",," "," "," ","0",,,,"0"
"D23051870","1","523001","ze281875","2","0","0","0","ze309702"," "," "," "," "," "," "," ","488","2023-05-23 11:42:57","0000-00-00 00:00:00","0000-00-00 00:00:00","0000-00-00 00:00:00","0"," ","0000-00-00 00:00:00"," ",," "," "," ","0",,,,"0"
"D23051871","1","523001","ze281875","2","0","0","0","ze309702"," "," "," "," "," "," "," ","489","2023-05-23 11:42:49","0000-00-00 00:00:00","0000-00-00 00:00:00","0000-00-00 00:00:00","0"," ","0000-00-00 00:00:00"," ",," "," "," ","0",,,,"0"
"D23051991","1","523001","ze281875","2","0","0","0","ze309702"," "," "," "," "," "," "," ","490","2023-06-14 11:47:02","0000-00-00 00:00:00","0000-00-00 00:00:00","0000-00-00 00:00:00","0"," ","0000-00-00 00:00:00"," ",," "," "," ","0",,,,"0"
"D2305224","1","523001","ze281875","2","0","0","0","ze309702"," "," "," "," "," "," "," ","493","2023-05-23 11:42:27","0000-00-00 00:00:00","0000-00-00 00:00:00","0000-00-00 00:00:00","0"," ","0000-00-00 00:00:00"," ",," "," "," ","0",,,,"0"
"D23052254","1","523001","ze281875","2","0","0","0","ze309702"," "," "," "," "," "," "," ","491","2023-05-23 11:42:41","0000-00-00 00:00:00","0000-00-00 00:00:00","0000-00-00 00:00:00","0"," ","0000-00-00 00:00:00"," ",," "," "," ","0",,,,"0"
"D23052295","1","523001","ze281875","2","0","0","0","ze309702"," "," "," "," "," "," "," ","492","2023-05-23 11:42:32","0000-00-00 00:00:00","0000-00-00 00:00:00","0000-00-00 00:00:00","0"," ","0000-00-00 00:00:00"," ",," "," "," ","0",,,,"0"
"D23052932","1","523001","ze281875","2","0","0","0","ze309702"," "," "," "," "," "," "," ","494","2023-06-14 11:46:58","0000-00-00 00:00:00","0000-00-00 00:00:00","0000-00-00 00:00:00","0"," ","0000-00-00 00:00:00"," ",," "," "," ","0",,,,"0"
"D23053194","1","523001","ze281875","2","0","0","0","ze309702"," "," "," "," "," "," "," ","495","2023-06-14 11:46:54","0000-00-00 00:00:00","0000-00-00 00:00:00","0000-00-00 00:00:00","0"," ","0000-00-00 00:00:00"," ",," "," "," ","0",,,,"0"
"D23060174","1","523001","ze281875","2","0","0","0","ze309702"," "," "," "," "," "," "," ","497","2023-06-14 11:46:46","0000-00-00 00:00:00","0000-00-00 00:00:00","0000-00-00 00:00:00","0"," ","0000-00-00 00:00:00"," ",," "," "," ","0",,,,"0"
"D23060190","1","523001","ze281875","2","0","0","0","ze309702"," "," "," "," "," "," "," ","496","2023-06-14 11:46:50","0000-00-00 00:00:00","0000-00-00 00:00:00","0000-00-00 00:00:00","0"," ","0000-00-00 00:00:00"," ",," "," "," ","0",,,,"0"
"D2306054","1","523001","ze281875","2","0","0","0","ze309702"," "," "," "," "," "," "," ","499","2023-06-14 11:46:37","0000-00-00 00:00:00","0000-00-00 00:00:00","0000-00-00 00:00:00","0"," ","0000-00-00 00:00:00"," ",," "," "," ","0",,,,"0"
"D2306056","1","523001","ze281875","2","0","0","0","ze309702"," "," "," "," "," "," "," ","501","2023-06-14 11:46:30","0000-00-00 00:00:00","0000-00-00 00:00:00","0000-00-00 00:00:00","0"," ","0000-00-00 00:00:00"," ",," "," "," ","0",,,,"0"
"D23060566","1","523001","ze281875","2","0","0","0","ze309702"," "," "," "," "," "," "," ","502","2023-06-14 11:46:27","0000-00-00 00:00:00","0000-00-00 00:00:00","0000-00-00 00:00:00","0"," ","0000-00-00 00:00:00"," ",," "," "," ","0",,,,"0"
"D23060583","1","523001","ze281875","2","0","0","0","ze309702"," "," "," "," "," "," "," ","500","2023-06-14 11:46:34","0000-00-00 00:00:00","0000-00-00 00:00:00","0000-00-00 00:00:00","0"," ","0000-00-00 00:00:00"," ",," "," "," ","0",,,,"0"
"D23060597","1","523001","ze281875","2","0","0","0","ze309702"," "," "," "," "," "," "," ","498","2023-06-14 11:46:41","0000-00-00 00:00:00","0000-00-00 00:00:00","0000-00-00 00:00:00","0"," ","0000-00-00 00:00:00"," ",," "," "," ","0",,,,"0"
"D23060669","1","523001","ze281875","2","3","4","5","ze309702","ze345024","ze301736","ze238325"," "," "," "," ","504","2023-06-14 11:46:19","2023-11-29 07:45:55","2023-12-14 01:59:52","2023-12-15 10:19:09","0"," ","0000-00-00 00:00:00"," ",,,,,"0",,,,"0"
"D23060674","1","523001","ze281875","2","0","0","0","ze309702"," "," "," "," "," "," "," ","503","2023-06-14 11:46:23","0000-00-00 00:00:00","0000-00-00 00:00:00","0000-00-00 00:00:00","0"," ","0000-00-00 00:00:00"," ",," "," "," ","0",,,,"0"
"D23061263","1","523001","ze281875","2","3","4","5","ze309702","ze345024","ze301736","ze238325"," "," "," "," ","505","2023-06-14 11:46:14","2023-11-29 07:45:39","2024-01-02 01:45:10","2024-01-03 09:44:13","0"," ","0000-00-00 00:00:00"," ",,,,,"0",,,,"0"
"D23061389","1","523001","ze281875","2","3","4","5","ze309702","ze345024","ze301736","ze238325"," "," "," "," ","506","2023-06-14 11:46:10","2023-11-29 07:45:53","2024-01-18 08:54:34","2024-01-18 15:25:20","0"," ","0000-00-00 00:00:00"," ",,,,,"0",,,,"0"
"D23061916","1","523001","ze281875","2","3","4","5","ze309702","ze345024","ze301736","ze238325"," "," "," "," ","508","2023-06-22 18:36:46","2023-11-29 07:45:50","2024-01-18 08:54:50","2024-01-18 15:25:09","0"," ","0000-00-00 00:00:00"," ",,,,,"0",,,,"0"
"D23061970","1","523001","ze281875","2","3","4","5","ze309702","ze345024","ze301736","ze238325"," "," "," "," ","507","2023-06-22 18:36:50","2023-11-29 07:45:52","2024-01-18 08:54:43","2024-01-18 15:25:15","0"," ","0000-00-00 00:00:00"," ",,,,,"0",,,,"0"
"D23062326","1","523001","ze281875","2","3","4","5","ze309702","ze345024","ze301736","ze238325"," "," "," "," ","513","2023-07-20 20:21:42","2023-11-29 07:45:41","2024-01-18 11:39:51","2024-01-18 15:24:18","0"," ","0000-00-00 00:00:00"," ",,,,,"0",,,,"0"
"D23062335","1","523001","ze281875","2","3","4","5","ze309702","ze345024","ze301736","ze238325"," "," "," "," ","510","2023-07-20 20:21:53","2023-11-29 07:45:47","2024-01-18 08:55:32","2024-01-18 15:24:49","0"," ","0000-00-00 00:00:00"," ",,,,,"0",,,,"0"
"D23062368","1","523001","ze281875","2","3","4","5","ze309702","ze345024","ze301736","ze238325"," "," "," "," ","512","2023-07-20 20:21:46","2023-11-29 07:45:44","2024-01-18 11:39:47","2024-01-18 15:24:27","0"," ","0000-00-00 00:00:00"," ",,,,,"0",,,,"0"
"D23062390","1","523001","ze281875","2","3","4","5","ze309702","ze345024","ze301736","ze238325"," "," "," "," ","509","2023-07-20 20:21:57","2023-11-29 07:45:48","2024-01-18 08:55:09","2024-01-18 15:24:58","0"," ","0000-00-00 00:00:00"," ",,,,,"0",,,,"0"
"D23062395","1","523001","ze281875","2","3","4","5","ze309702","ze345024","ze301736","ze238325"," "," "," "," ","511","2023-07-20 20:21:50","2023-11-29 07:45:46","2024-01-18 11:39:42","2024-01-18 15:24:34","0"," ","0000-00-00 00:00:00"," ",,,,,"0",,,,"0"
"D23062870","1","523001","ze281875","2","3","4","5","ze309702","ze345024","ze301736","ze238325"," "," "," "," ","514","2023-07-20 20:21:39","2023-11-29 07:45:43","2024-01-18 11:39:54","2024-01-18 15:24:10","0"," ","0000-00-00 00:00:00"," ",,,,,"0",,,,"0"
"D23070546","1","523001","ze281875","2","3","4","5","ze309702","ze345024","ze301736","ze238325"," "," "," "," ","515","2023-07-20 20:21:34","2023-11-29 07:45:29","2024-01-18 11:39:58","2024-01-18 15:23:57","0"," ","0000-00-00 00:00:00"," ",,,,,"0",,,,"0"
"D23071133","1","523001","ze281875","2","3","4","5","ze309702","ze345024","ze301736","ze238325"," "," "," "," ","517","2023-07-20 20:21:23","2023-11-29 07:45:28","2024-01-18 11:40:07","2024-01-18 15:23:30","0"," ","0000-00-00 00:00:00"," ",,,,,"0",,,,"0"
"D23071141","1","523001","ze281875","2","3","4","5","ze309702","ze345024","ze301736","ze238325"," "," "," "," ","516","2023-07-20 20:21:31","2023-11-29 07:45:20","2024-01-18 11:40:02","2024-01-18 15:23:45","0"," ","0000-00-00 00:00:00"," ",,,,,"0",,,,"0"
"D2307187","1","523001","ze281875","2","3","4","5","ze309702","ze345024","ze301736","ze238325"," "," "," "," ","519","2023-07-20 20:21:16","2023-11-29 07:45:25","2024-01-18 11:40:16","2024-01-18 15:22:57","0"," ","0000-00-00 00:00:00"," ",,,,,"0",,,,"0"
"D23071891","1","523001","ze281875","2","3","4","5","ze309702","ze345024","ze301736","ze238325"," "," "," "," ","518","2023-07-20 20:21:20","2023-11-29 07:45:26","2024-01-18 11:40:13","2024-01-18 15:23:11","0"," ","0000-00-00 00:00:00"," ",,,,,"0",,,,"0"
"D23072523","1","523001","ze281875","2","3","4","5","ze309702","ze345024","ze301736","ze238325"," "," "," "," ","525","2023-07-27 14:00:42","2023-11-29 07:45:11","2024-01-18 11:41:45","2024-01-18 15:21:36","0"," ","0000-00-00 00:00:00"," ",,,,,"0",,,,"0"
"D2307253","1","523001","ze281875","2","3","4","5","ze309702","ze345024","ze301736","ze238325"," "," "," "," ","523","2023-07-27 14:00:33","2023-11-29 07:45:16","2024-01-18 11:42:09","2024-01-18 15:22:13","0"," ","0000-00-00 00:00:00"," ",,,,,"0",,,,"0"
"D23072532","1","523001","ze281875","2","3","4","5","ze309702","ze345024","ze301736","ze238325"," "," "," "," ","521","2023-07-27 14:00:11","2023-11-29 07:45:21","2024-01-18 11:40:24","2024-01-18 15:22:33","0"," ","0000-00-00 00:00:00"," ",,,,,"0",,,,"0"
"D23072552","1","523001","ze281875","2","3","4","5","ze309702","ze345024","ze301736","ze238325"," "," "," "," ","520","2023-07-27 14:00:07","2023-11-29 07:45:23","2024-01-18 11:40:20","2024-01-18 15:22:43","0"," ","0000-00-00 00:00:00"," ",,,,,"0",,,,"0"
"D23072574","1","523001","ze281875","2","3","4","5","ze309702","ze345024","ze301736","ze238325"," "," "," "," ","524","2023-07-27 14:00:38","2023-11-29 07:45:14","2024-01-18 11:41:48","2024-01-18 15:21:58","0"," ","0000-00-00 00:00:00"," ",,,,,"0",,,,"0"
"D23072577","1","523001","ze281875","2","3","4","5","ze309702","ze345024","ze301736","ze238325"," "," "," "," ","522","2023-07-27 14:00:16","2023-11-29 07:45:05","2024-01-18 11:40:29","2024-01-18 15:22:23","0"," ","0000-00-00 00:00:00"," ",,,,,"0",,,,"0"
"D23072693","1","523001","ze281875","2","3","4","5","ze309702","ze345024","ze301736","ze238325"," "," "," "," ","526","2023-07-27 14:00:46","2023-11-29 07:45:10","2024-01-18 11:41:39","2024-01-18 15:21:12","0"," ","0000-00-00 00:00:00"," ",,,,,"0",,,,"0"
"D23082958","1","523001","ze281875","2","3","4","5","ze309702","ze345024","ze301736","ze238325"," "," "," "," ","527","2023-09-06 09:04:45","2023-11-29 07:45:08","2024-01-18 11:41:32","2024-01-18 15:20:53","0"," ","0000-00-00 00:00:00"," ",,,,,"0",,,,"0"
"D23082967","1","523001","ze281875","2","3","4","5","ze309702","ze345024","ze301736","ze238325"," "," "," "," ","528","2023-09-06 09:04:41","2023-11-29 07:45:07","2024-01-18 11:41:04","2024-01-18 15:20:28","0"," ","0000-00-00 00:00:00"," ",,,,,"0",,,,"0"
"D23083183","1","523001","ze281875","2","3","4","5","ze309702","ze345024","ze301736","ze238325"," "," "," "," ","529","2023-09-06 09:04:36","2023-11-29 07:44:46","2024-01-18 11:40:58","2024-01-18 15:18:23","0"," ","0000-00-00 00:00:00"," ",,,,,"0",,,,"0"
"D23122035","1","524601","ze236306","0","0","0","0"," "," "," "," "," "," "," "," ","530","0000-00-00 00:00:00","0000-00-00 00:00:00","0000-00-00 00:00:00","0000-00-00 00:00:00","0"," ","0000-00-00 00:00:00"," "," "," "," "," ","0",,,,"0"
"D24022346","1","524601","ze53821","0","0","0","0"," "," "," "," "," "," "," "," ","531","0000-00-00 00:00:00","0000-00-00 00:00:00","0000-00-00 00:00:00","0000-00-00 00:00:00","0"," ","0000-00-00 00:00:00"," "," "," "," "," ","0",,,,"0"
"D24032167","1","522301","ze345024","0","0","0","0"," "," "," "," "," "," "," "," ","532","0000-00-00 00:00:00","0000-00-00 00:00:00","0000-00-00 00:00:00","0000-00-00 00:00:00","0"," ","0000-00-00 00:00:00"," "," "," "," "," ","0",,,,"0"
"D24032776","1","522301","ze261084","0","0","0","0"," "," "," "," "," "," "," "," ","533","0000-00-00 00:00:00","0000-00-00 00:00:00","0000-00-00 00:00:00","0000-00-00 00:00:00","0"," ","0000-00-00 00:00:00"," "," "," "," "," ","0",,,,"0"
"D24032829","1","523001","ze281875","2","3","4","5","ze294268","ze233366","ze301736","ze238325"," "," "," "," ","534","2024-04-02 08:05:41","2024-04-03 15:20:51","2024-04-04 12:25:45","2024-04-04 16:14:55","0"," ","0000-00-00 00:00:00"," ",,,,,"0",,,,"0"
"D24032836","1","522301","ZE9141359","0","0","0","0"," "," "," "," "," "," "," "," ","536","0000-00-00 00:00:00","0000-00-00 00:00:00","0000-00-00 00:00:00","0000-00-00 00:00:00","0"," ","0000-00-00 00:00:00"," "," "," "," "," ","0",,,,"0"
"D24032857","1","523001","ze281875","2","3","4","5","ze294268","ze261084","ze301736","ze238325"," "," "," "," ","535","2024-04-02 08:05:21","2024-04-03 15:05:59","2024-04-04 01:44:40","2024-04-04 16:13:33","0"," ","0000-00-00 00:00:00"," ",,,,,"0",,,,"0"
"D24032894","1","522301","ZE9141359","0","0","0","0"," "," "," "," "," "," "," "," ","537","0000-00-00 00:00:00","0000-00-00 00:00:00","0000-00-00 00:00:00","0000-00-00 00:00:00","0"," ","0000-00-00 00:00:00"," "," "," "," "," ","0",,,,"0"
"D24040251","1","523001","ze281875","2","0","0","0","ze224510"," "," "," "," "," "," "," ","538","2024-04-16 10:48:06","0000-00-00 00:00:00","0000-00-00 00:00:00","0000-00-00 00:00:00","0"," ","0000-00-00 00:00:00"," ",," "," "," ","0",,,,"0"
"D24041928","1","527001","9104681","1","0","0","0","ze294136"," "," "," "," "," "," "," ","539","2024-04-26 14:32:54","0000-00-00 00:00:00","0000-00-00 00:00:00","0000-00-00 00:00:00","0"," ","0000-00-00 00:00:00"," ","Test"," "," "," ","0",,,,"0"
