"supplier","id","sup_id"
"CAFCA","104","SUP546"
"DIAMOND ELECTRICAL","105","SUP175"
"SWORD WEAR","106","SUP954"
"EULONE INVESTMENTS","109","SUP524"
"DAYBREAK INVESTMENTS","111","SUP921"
"AGRISOFT AFRICA VENTURES","112","SUP998"
"ELOTECH INVESTMENTS","114","SUP617"
"LAST PACK TECHNOLOGY","115","SUP625"
"TOUCHSTONE INVESTMENTS","116","SUP14"
"STAMAN INVESTMENTS","117","SUP536"
"ROUXGOLD","118","SUP277"
"GROOVEYARD MARKETING","119","SUP783"
"FENTRAS INVESTMENTS","120","SUP177"
"LEDGER MINDS","121","SUP538"
"NORBHAT INVESTMENTS","122","SUP28"
"AVONEY ENTERPRISES","123","SUP422"
"UNITRACK CONSULTING ENGINEERS","127","SUP229"
"STANMEC INVESTMENTS","132","SUP510"
"SENTINEL","135","SUP578"
"VOLCOM ","136","SUP464"
"FALCON SIGNAGE","139","SUP336"
"BRANDING MEDIA ","140","SUP771"
"CURRENTWISH ","142","SUP759"
"Cynth","143","SUP491"
"SWINGTONE ENTERPRISES","146","SUP174"
"GREAT STRIPES INVESTMENTS","147","SUP775"
"TINY SAFE","148","SUP15"
"AMMAVIM","149","SUP765"
"MSIZI BLOCK","150","SUP327"
"HEDGEPATH INVESTMENTS","151","SUP752"
"UNITRACK","166","SUP292"
"CURRENTWISH INVESTMENTS","167","SUP140"
"LONYTEC TRADING","172","SUP514"
"RENKO TRADING","173","SUP454"
"PELOSH ENTERPRISES","174","SUP537"
"ENFLO ENGINEERING","175","SUP104"
"RUKKAV INVESTMENTS","177","SUP658"
"FICTECH PVT LTD","178","SUP425"
"GLADPRIM INVESTMENTS","179","SUP532"
"FINDTECH","180","SUP662"
"BRUTAMINE ENTRPRISES","181","SUP48"
"YELLOW PORTION INVESTMENTS","188","SUP700"
"AMMAVIM TRADING","193","SUP334"
"VINMARK INVESTMENTS","194","SUP758"
"ZEALOUS TRADING","195","SUP887"
"FINDTECH TRADING","198","SUP521"
"BRUTAMINE ENTERPRISESRISES","199","SUP485"
"CAFCA LIMITED","200","SUP94"
" MAX HAIVOL","201","SUP262"
"TIT MOTOR SPARES","202","SUP418"
"TARDEN MARKETING","207","SUP423"
"RUKKAV","208","SUP252"
"SUSTAINABLE PROCUREMENT SOLUTIONS","209","SUP822"
"KLEBERSON SAFETY PRODUCTS ","210","SUP139"
"PROMINENT DISTRIBUTORS","211","SUP257"
"ELEGANT EDGE","212","SUP946"
"WOLLATHAM ENTERPRISES","217","SUP649"
"RENKOO TRADING","218","SUP452"
"FEBRITE PVT LTD","220","SUP135"
"DASSING ENTERPRISES PVT LTD ","221","SUP970"
"PITO INVESTMENTS ","236","SUP316"
"ABDEEL ELECTRIC","264","SUP109"
"INNOCRAFT ENGINEERING","265","SUP926"
"VOLTAGE ELECTRICAL ENGINEERING","270","SUP150"
"SUNSHINE SPEED SHOP","271","SUP598"
"CARZ AUTO","272","SUP770"
"janask enterprises","275","SUP346"
"SILVERPOINT ENTERPRISES","278","SUP226"
"ZEBRA CONTRACTING","279","SUP306"
"KEYTOP","280","SUP848"
"ADULUM TRADERS","281","SUP805"
"MOUNT SINAI","282","SUP708"
"UNIGAS","283","SUP605"
"QUONTRAC ENTERPRISES","289","SUP220"
"IRON CRAFCT ENGINEERING","290","SUP416"
"CENTRAL  AIR","293","SUP169"
"KET TOP TECHNOLOGIES","299","SUP738"
"CLAVIS INVESTMENTS","304","SUP951"
"JAY JAY ENTERPRISES","306","SUP503"
"DRUMCITY","307","SUP666"
"FURATEQ","308","SUP234"
"SOPRANO MEDICAL & PHARMACEUTICAL","317","SUP388"
"ARAVAS PHAMACEUTICAL ","319","SUP834"
"LISENTA HYGIENIC PRODUCTS & SERVICES","320","SUP919"
"HOUSE CLEAN ","321","SUP333"
"MARKET PLAN ","323","SUP606"
"TREMUL TECHNOLOGIOES","325","SUP800"
"SAMELAND","329","SUP250"
"ZEBRA","331","SUP566"
"VIMMARK INVESTMENTS","334","SUP99"
"CHENJPRO INVESTMENTS ","365","SUP147"
"GREAT STRIPPES INVESTMENTS","376","SUP183"
"SAMELAND COMPUTERS","381","SUP875"
"TREMUL INVESTMENTS","399","SUP76"
"MARKET PLAN OFFICE MACHINES","400","SUP52"
"CARLISLE ENGINEERING","413","SUP477"
"CHENJPRO","415","SUP367"
"RENNUEL INVESTMENTS","430","SUP309"
"COUNTRYVALE INVESTMENTS","431","SUP596"
"FENTRAS","432","SUP925"
"SAMARTSYMTH","455","SUP398"
"NIRA & SONS","459","SUP105"
"JONASK ENTERPRISES","462","SUP640"
"MISTY PLUME ENTERPRISES","475","SUP19"
"AQUA BRIDGE","477","SUP85"
"MISTY PLUME ENT","478","SUP64"
"ADEEL ELECTRICAL","479","SUP689"
"HONESTTECH DESIGNS","484","SUP11"
"PRINT COMMUNICATIONS","485","SUP493"
"PEARL STATIONERY MANUFACTURERS","486","SUP569"
"APPLERED ADVERTISING AND DESIGN","487","SUP611"
"PROMOTIONAL LIGHTERS ","488","SUP206"
"DESEADA","489","SUP164"
"COLLIDE ENTERPRISES","496","SUP201"
"SMARTSYMTH","500","SUP627"
"CLINITESTS","503","SUP531"
"RADIATION INCORPORATED","504","SUP225"
"ALOPACK INVESTMENTS","511","SUP328"
"TOPCARE PHARMACY ","528","SUP266"
"MEDLIVE MARKETING ","530","SUP648"
"AXIS SOLUTIONS AFRICA ","531","SUP811"
"ROYMARSHALL ENTERPRISES","552","SUP733"
"TSAPO COMMERCIAL AGENCIES","555","SUP687"
"DAVENNEY INVESTMENTS","564","SUP833"
"LAWCHA ELECTRICAL PVT LTD","567","SUP727"
"BH DISTRIBUTORS","580","SUP615"
"CARRIL RAPIDO SOLUTIONS","595","SUP890"
"WELDING AND  ENGINEEGRING SUPPLIES","596","SUP547"
"ZIMUE MEDIA","597","SUP570"
"IMPALA MOTOR SPARES","600","SUP159"
"GARAGE AND FORECOURT","601","SUP699"
"NISSAN CLOVER LEAF MOTORS","602","SUP487"
"GREARSTIPPES INVESTMENTS","605","SUP737"
"PRESTIGE GLOBAL SUPPLIES","611","SUP408"
"MSIZI","614","SUP817"
"GREAT STRIPPES INVESTMENTS59","618","SUP911"
"FICTECH","619","SUP623"
"GLADPRIM","678","SUP272"
"DILONCURIS","686","SUP235"
"PRECISION MEDICAL LABS","687","SUP430"
"LORDSLAND MEDICAL LABORATORIES","688","SUP761"
"GOPATH CLINICAL LABORATORIES","689","SUP86"
"BRUTAMINE ENTERPRISES","710","SUP754"
"PNI MOTORS AND SPARES","760","SUP241"
"Fortumux Investments","840","SUP30"
"Mechs Engineering","841","SUP459"
"Mechs","863","SUP994"
"RAVCOM TRAINING COMPANY","870","SUP571"
"PRINT MADE SIMPLE INV","879","SUP947"
"WILLIAM SMITH AND GOUROCK","880","SUP318"
"NATUREGATE SUPPLIERS","881","SUP894"
"PRINT POINT","883","SUP463"
"BACTRA INVESTMENTS","886","SUP714"
"BRACTRA INVESTMENTS","889","SUP21"
"SAKIO INVESTMENTS","891","SUP35"
"GREENDOOR STATIONERY","901","SUP859"
"ADCRIS INVESTMENTS","907","SUP812"
"AMINA CAPITAL","909","SUP657"
"CONTEAST CABLES","948","SUP474"
"SOLCLIP ENTERPRISES","963","SUP256"
"PYRAMID ENTERPRISES","968","SUP107"
"SUVIKIN ENTERPRISES","970","SUP719"
"KNOWGRACE INVESTMENTS","978","SUP839"
"Q & A ENGINEERING","980","SUP973"
"INCORPORATED HYGIENE SYSTEMS","1001","SUP991"
"TECHHUB TECHNOLOGIES","1022","SUP437"
"P AND I TRADING ","1073","SUP743"
"DANLADEN","1101","SUP857"
"ULTRABRITE DETEGENTS","1102","SUP335"
"TAPDAN CLEANING SERVICES","1107","SUP208"
"THROUGH FUMIGATION","1108","SUP376"
"NENCHEM","1109","SUP938"
"GLOER INVESTMENTS","1115","SUP39"
"HEATCENTRE","1120","SUP125"
"UNISCOTT INVESTMENTS","1127","SUP680"
"OVERHEADLINE ELECTRICAL SOLUTIONS","1138","SUP886"
"GEEKWAYS ENTERPRISES","1139","SUP310"
"CLEMILN","1140","SUP303"
"TREKOOL SOLUTIONS","1142","SUP527"
"CHRIS & JACOB","1146","SUP586"
"PACEMASTERS PANEL BEATERS","1147","SUP565"
"NIRA & SONS ENGINEERING","1149","SUP496"
"CLEMILN CONSTRUCTION & ENGINEERING","1162","SUP735"
"ALL POWER ENGINEERING","1163","SUP171"
"Tradrom (pvt) ltd","1167","SUP456"
"RANGEGROVE","1169","SUP163"
"Gold Throne Investments","1170","SUP343"
"DOCKYARD INVESTMENTS","1178","SUP628"
"CLASSIGOLD TRADING","1186","SUP669"
"FINDTECH (pvt) ltd","1203","SUP964"
"PLENTHOPE ","1213","SUP832"
"MUPRAY INVESTMENTS","1214","SUP131"
"CHIEF STONES ELECTRICAL","1215","SUP27"
"HURRICANE IRMA & COMPANY","1216","SUP397"
"ARMOURED ELECTRICALS (PVT) LTD","1217","SUP181"
"TETRA TECHNOLOGIES","1232","SUP823"
"FARNIC INVESTMENTS","1257","SUP285"
"HIGH COPY MANSION TECHNOLOGIES","1258","SUP819"
"MILLY TAKE ENTERPRISES","1259","SUP837"
"NATIONAL CARPETS AND CURTAINS","1261","SUP476"
"WALVERA CLASSYC DESIGNS","1262","SUP473"
"TOOLDAT ENTERPRISES","1263","SUP831"
"GOLD THRONE","1266","SUP855"
"VIDMAR INDUSTRIAL SUPPLIERS","1267","SUP873"
"DRUM CITY","1268","SUP75"
"NOBHART INVESTMENTS","1271","SUP750"
"LEGGIM","1278","SUP95"
"FURA TEQ","1280","SUP581"
"JANASKY ENTERPRISES PVT","1282","SUP315"
"AMOURED ELECTRICAL","1298","SUP282"
"KAMTAP INVESTMENTS","1299","SUP740"
"Mufudza Touch Investment","1331","SUP756"
"BARCO CHEMICALS (PVT) LTD","1338","SUP713"
"BLUE LIGHT CONSTRUCTION AND ENGINEERING","1339","SUP445"
"CENTURYELECTRICAL","1340","SUP111"
"Happyear technology","1350","SUP92"
"DIGI TECHNOLOGIES","1361","SUP651"
"DIGI VOICE TECHNOLOGIES","1369","SUP441"
"HOSAK ENGINEERING","1377","SUP695"
"DANVILL CAPITAL","1378","SUP885"
"DAVILL CAPITAL","1381","SUP957"
"FINCHTECH INVESTMENTS","1419","SUP984"
"TRICKMUT COMPUTERS","1421","SUP339"
"ALECHEM MANUFACTURERS","1432","SUP358"
"ANCIENT HEIGHTS INC","1436","SUP393"
"ZEBRA BASE ","1438","SUP856"
"TELECOM NETWORK & TRANSMISSION TECHNOLOGY","1439","SUP884"
"FASTFIT MATLOCK ","1444","SUP948"
"Muzvinapurazi Studios","1458","SUP7"
"EXECUTIVE DECISION (PVT) LTD","1459","SUP802"
"ASPIRE","1463","SUP302"
"CARTPEX INVESTMENTS","1464","SUP602"
"LEROMA INVESTMENTS","1475","SUP507"
"AFRIQUE SERV ENTERPRISES","1478","SUP869"
"MADDY INVESTMENTS","1489","SUP281"
"WILL AUTO MOTOR SPARES","1495","SUP744"
"CASSAWEX INVESTMENTS","1498","SUP777"
"ADCRAP INVESTMENTS ","1500","SUP63"
"TYRE TECH","1507","SUP366"
"INNOSIMM INVESTMENTS ","1509","SUP500"
"SHAMLONG TRADING ","1512","SUP882"
"FINMARK ENERGY","1513","SUP966"
"LEYLEE AUTO PARTS","1539","SUP465"
"DOCUMENT SUPPORT CENTRE","1554","SUP215"
"TRADROM PVT LTD","1566","SUP751"
"VYLARK TRADING","1581","SUP772"
"QUELING ENTERPRISES","1583","SUP186"
"MELOMAK HOLDINGS","1584","SUP723"
"RACHICCO CONSTRUCTION","1585","SUP717"
"MUNBERT CONSTRUCTION","1586","SUP613"
"CITRO CHEMICALS","1587","SUP936"
"ROSEBANT ENVIRONMENTAL","1590","SUP517"
"TOP-EDGE MEDICAL SUPPLIES","1591","SUP554"
"PEYNWOOD","1594","SUP74"
"CLEAR PATH MARKERTING","1599","SUP710"
"KNITWEAR FASHIONS","1600","SUP78"
"TENTSI PVT LTD","1601","SUP987"
"GOLDENBAY MOTOR SPARES","1604","SUP622"
"KINGDOM TYRES","1607","SUP453"
"ROYAL RAYS","1610","SUP486"
"TYREZONE","1615","SUP660"
"PAYLYNN SIGNS & ADVERTISING","1616","SUP540"
"TANYIL FASHIONS","1617","SUP985"
"INPAN ENTERPRISES","1620","SUP97"
"THE SUPPLY BRIDGE","1657","SUP620"
"CHIKBROS INVESTMENTS","1680","SUP41"
"BIAS ELECTRICAL & INSTRUMENTATION","1681","SUP550"
"TECHOLD ENGINEERING","1682","SUP910"
"RE-NET TECHNOLOGY ","1689","SUP746"
"TOUCHBASE TECHNOLOGIES","1691","SUP360"
"BRAND DIGITAL","1692","SUP274"
"DECENT INVESTMENTS","1695","SUP195"
"MAPNETTECHNOLOGIES","1696","SUP728"
"COMERTH INVESTMENTS","1697","SUP766"
"OMNI AFRICA","1710","SUP523"
"QUADRANT ZW","1720","SUP977"
"HILLTOP ","1721","SUP196"
"NATUREGATE INDUSTRIAL SOLUTIONS","1732","SUP810"
"CEVIMIC INVESTMENTS","1755","SUP685"
"INTERGRATED PEOPLE SOLUTIONS","1756","SUP519"
"CENTURY TECHNOLOGY","1767","SUP701"
"AASIKI PVT","1768","SUP373"
"NAJRIDTECH","1769","SUP907"
"MOBITECH SEVEN PVT","1770","SUP807"
"IMAGINE COMPUTERS","1771","SUP112"
"WILLCHART ENTERPRISES","1772","SUP650"
"Mtpex Systems","1775","SUP117"
"KEYCOM NETWORKS","1776","SUP937"
"TANTEL  DIGITAL COMMUNICATIONS","1777","SUP599"
"MSIZI BLOCK PVT LTD","1786","SUP787"
"FINESSE","1789","SUP773"
"MIGHTY SIGNS","1790","SUP50"
"CENTURY ELECTRICAL","1793","SUP314"
"GOLDENBAY POWER SOLUTIONS","1795","SUP504"
"NAJRID MEDICALS","1796","SUP347"
"PRESTORIATE MARKETING","1797","SUP724"
"HEALTH PHARM","1798","SUP338"
"CAREMATE","1799","SUP62"
"GRACIOUS MEDICALS","1800","SUP893"
"LIQUID CHEMICALS","1801","SUP604"
"BETTER FORCE","1802","SUP826"
"AVON CARE","1803","SUP144"
"ZIMBABWE PREMIUM ENTERPRISES","1804","SUP726"
"WOTAMED MEDICAL SUPPLIES","1805","SUP353"
"TANASHY TRADING","1806","SUP467"
"CHITURIRO BUILDERS","1807","SUP489"
"GALAKI PROJECTS","1808","SUP914"
"SLS MARKETING &BRANDING","1812","SUP17"
"BETTERFOC INVESTMENTS","1813","SUP372"
"REWARD PRINTERS","1820","SUP692"
"KELTRONIX ","1821","SUP896"
"ELECTRO-TEL (PVT) LTD","1850","SUP912"
"ELECTR-TEL (PVT) LTD","1853","SUP835"
"LEE CAPITAL","1862","SUP904"
"RODYMUSY","1869","SUP65"
"SUPPLY RIDE INVESTMENTS","1873","SUP515"
"SHELTECH COMPUTERS","1874","SUP952"
"SASHWILL","1875","SUP677"
"DON FOSS","1878","SUP847"
"HASHMO GLOBAL","1888","SUP130"
"RODYMUSY ENTERPRISES","1890","SUP421"
"OVACO ENTERPRISES","1891","SUP198"
"EVERGAS","1892","SUP672"
"ALG WORLD INVESTMENTS","1895","SUP748"
"ROYAL IT AND PRINTING","1897","SUP304"
"BESKERM","1910","SUP779"
"C J WORK WEAR","1912","SUP448"
"ADLET FIRE ENGINEERS","1915","SUP435"
"DEIFIC FIRE SYSTEMS","1916","SUP184"
"ROTHKOS FIRE ENGINEERS","1917","SUP483"
"KUNDISO CIVIL WORKS","1918","SUP955"
"STUB ENGINEERING","1920","SUP370"
"PLENTHOPE INVESTMENTS (PVT) LTD","1921","SUP118"
"KALTRADE PRIVATE LIMITED","1927","SUP194"
"HYDRA","1940","SUP340"
"EXCELLENCE ENGINEERING","1943","SUP269"
"WASTE AWAY PVT LTD","1951","SUP268"
"LADGEN INVESTMENTS","1952","SUP990"
"SE ELECTRICAL ENGINEERS","1955","SUP774"
"ELLYFIELD CORPORATION","1957","SUP233"
"ASHWILL INVESTMENTS","1962","SUP576"
"COMPUTRON ZIMBABWE","1963","SUP394"
"LINKVELD INVESTMENTS","1967","SUP906"
"CALK-HOPE INVESTMENTS","1968","SUP577"
"ROSEBANT INTERNATIONAL","1975","SUP573"
"TISCES INVESTMENTS","1978","SUP69"
"SKIHOLD INVESTMENTS","1979","SUP287"
"EL-ESHWARD PVT LTD","1980","SUP307"
"PROBLEM BUSTERS","1981","SUP385"
"TREMUL TECHNOLOGIES","2006","SUP242"
"dasher trading","2008","SUP636"
"SIMMUT ENGINEERING","2011","SUP352"
"ROYAL DOORS ENTERPRISES","2012","SUP582"
"test","2015","SUP462"
"vacancy","2016","SUP975"
"FRADEL UNFORGETTABLE","2019","SUP922"
"BURNISHFORD ENTERPRISES","2020","SUP160"
"SUPERBLOOM ENTERPRISES","2021","SUP691"
"KEENLAND ENTERPRISES","2028","SUP594"
"Power zine global","2038","SUP98"
"CAMUCHI ADVERTISING","2040","SUP238"
"JB  MEDIA ADVERTISING","2041","SUP741"
"CREATIONS ADVERTISING","2042","SUP983"
"ASKELAND MEDIA","2043","SUP784"
"FIRST PACK","2047","SUP138"
"FUSER TECHNOLOGIES","2048","SUP264"
"BLACKBELT HUMAN CAPITAL","2056","SUP718"
"GENCOSM","2061","SUP878"
"CURRENTWISH I","2068","SUP362"
"TOUCH TIGER","2087","SUP152"
"TECTURAL WM INVESTMENTS","2088","SUP101"
"TOUGH TIGER","2092","SUP2"
"UNELDA INVESTMENTS","2098","SUP768"
"REMEDIATOR","2100","SUP646"
"EDGEMU INVESTMENTS","2101","SUP568"
"ID MATTERS","2102","SUP434"
"AXIS SOLUTIONS","2104","SUP321"
"TECHYSPOT","2105","SUP26"
"ELITE COLLECTION","2106","SUP603"
"COMBINED TECHNOLOGY","2109","SUP25"
"Eshipel PVT (LTD)","2158","SUP100"
"POWER CENTRE ELECTRICAL","2172","SUP898"
"MARKETPLAN OFFICE MACHINES","2173","SUP12"
"CLEAN BOX","2177","SUP670"
"CLEAR DEAN PROPERTY CLEANERS","2178","SUP326"
"CLEANERS CLOSET","2179","SUP106"
"HYGIENIC SERVICES","2180","SUP664"
"APPLIANCE EXPERT","2189","SUP551"
"BRIDGE CLEANERS","2198","SUP158"
"CLAMISE ENTERPRISES","2203","SUP827"
"ELBERG TRADING","2252","SUP10"
"SUPPORT PRINTERS & PACKAGING","2253","SUP874"
"MEZTIN ENTERPRISES","2254","SUP412"
"DASWAVE INVESTMENTS","2298","SUP934"
"DASHER TRADING PVT","2299","SUP32"
"CRYSTAL SERENITY","2311","SUP716"
"FOSTER-TECH PVT LTD","2313","SUP475"
"DELUX COMPUTERS","2314","SUP4"
"LYNX TECHNOLOGIES","2323","SUP999"
"PANASONIC BUSINESS SYSTEMS","2324","SUP216"
"ELECTRO X ZIMBABWE","2327","SUP442"
"AMOR CHRISTIAN TRADE","2328","SUP381"
"THE LEGACY CAR RENTAL","2329","SUP245"
"IMPALA CAR RENTALS","2330","SUP686"
"ESCORTED TRAVEL COMPANY","2331","SUP505"
"UNIQUE TRAVEL","2332","SUP154"
"CHIPSHOW TOURS","2333","SUP721"
"LADY EDITH WHOLESALERS","2338","SUP780"
"SPS GROUP PVT ","2339","SUP472"
"IDEAL MEDICALS","2340","SUP656"
"EXECUTIVE FIRE ENGINEERING CONSULTANTS","2343","SUP795"
"ADALET FIRE ENGINEERS","2345","SUP345"
"FASHAM SERVICES T/A REGEN OIL","2350","SUP633"
"TARISCO MEDIA","2351","SUP40"
"MATCHMO MEDIA","2353","SUP419"
"QUEMEDIA","2373","SUP895"
"ANDREPACK INVESTMENTS","2374","SUP202"
"FAST FOTO & DIGITAL ","2375","SUP788"
"ALPHAHOPE PVT LTD","2389","SUP9"
"E STYLE","2391","SUP959"
"BUSINESS PACK","2392","SUP427"
"FRADEL","2395","SUP438"
"BOLAVILE MARKETING","2396","SUP609"
"CHRIS & JACOB UPHOLSTERY","2403","SUP103"
"BEARIS","2405","SUP572"
"INTELLE BUILD","2406","SUP68"
"BATMAN TRADING","2407","SUP548"
"BEST PRACTICE","2412","SUP681"
"ZELIG INCORPORATED","2433","SUP996"
"BOREHOLE CLINIC","2443","SUP624"
"DRILLFLOW INVESTMENTS","2445","SUP614"
"HUSSMAN AIR COOL","2446","SUP846"
"DRENEL DISTRIBUTORS","2448","SUP580"
"AIRHEAD INVESTMENTS","2450","SUP8"
"CALPHIL INVESTMENTS","2451","SUP706"
"ASTROPEC ENTERPRISES","2452","SUP488"
"CLEAR HUE INVESTMENTS","2453","SUP668"
"MAKMART PVT LTD","2454","SUP585"
"ZEBTECH ENTEPRISES","2466","SUP974"
"COLORTEQ ADVERTISING","2501","SUP211"
"TRADOM PVT LTD","2506","SUP542"
"POWERZONE GLOBAL","2508","SUP134"
"MASSIVE STRIDES INVESTMENTS","2515","SUP243"
"RAINBOW CERAMICS","2518","SUP838"
"COMPULINK","2554","SUP380"
"RANGANAI RESOURCES","2557","SUP799"
"ULTRAFINE BOREHOLE DRILLING","2559","SUP267"
"GST ENGINEERING ","2564","SUP317"
"ESTATE KINGS","2585","SUP297"
"FASTEN PEST SERVICES","2587","SUP364"
"COMRITE MARKETING","2614","SUP383"
"AGANANG GROUP","2623","SUP188"
"ESHIPEL","2624","SUP932"
"PROCAD CONSTRUCTION ","2642","SUP747"
"STRUQTON STRUCTUAL","2645","SUP497"
"CLEMSAM CONSTRUCTION SOLUTION","2646","SUP816"
"MATIZ CONSTRUCTION","2647","SUP1000"
"EL -ESHWARD","2674","SUP589"
"LMT ENTERPRISES","2675","SUP600"
"WESTLES INCREDIBLE TECHNOLOGY","2676","SUP781"
"CLEANSSIT INVESTMENTS ","2684","SUP958"
"POWER ZONE GLOBAL","2686","SUP588"
"CALTRON INVESTMENTS","2687","SUP16"
"RINGFAIR INTERNATIONAL","2690","SUP71"
"VALLEY DEPTH CONSTRUCTION","2695","SUP157"
"HADASSAH LYINMAC","2697","SUP89"
"BEAUTIFUL HEIGHTS","2698","SUP924"
"BOLTGAS INYERNTIONAL","2699","SUP879"
"ATTEAH INVESTMENTS ","2705","SUP749"
"CLEANSIT INVESTMENTS ","2709","SUP949"
"SCOTT ADAMS PVT LTD","2732","SUP258"
"ON-POINT SECURITY","2738","SUP110"
"SAFEMODE SECURITY","2740","SUP210"
"SEMI-MODETECH P/L","2749","SUP965"
"GLOWER INVESTMENTS","2760","SUP371"
"FROG CABLES","2761","SUP971"
"PISCES PROJECTS","2768","SUP1"
"NICKJO ELECTRICAL & HARDWARE","2769","SUP854"
"EUNIDAR INVESTMENTS","2778","SUP38"
"NOMRAS TRADING","2781","SUP997"
"FEMBRITE PVT LTD","2795","SUP506"
"SPORT VOLT ELECTRICAL ","2837","SUP436"
"TECHVIVID HOLDINGS","2847","SUP359"
"PREMOTRISH INVESTMENTS ","2863","SUP324"
"MUCHMUN PVT LTD","2865","SUP881"
"DESTAT PVT LTD","2885","SUP24"
"HOPFORD MARKETING ","2896","SUP90"
"ASHYOMATEC ENGINEERING & FOUNDRY","2920","SUP260"
"TECHNOID PVT LTD","2922","SUP406"
"RASAZI ENTERPRISES","2924","SUP261"
"WELMORE INTERGRATED SOLUTIONS","2927","SUP34"
"BRINELL ENGINEERING","2928","SUP792"
"WHALEWIND INVESTMENTS","2935","SUP730"
"CLAIRECHAIN AFRICA","2936","SUP481"
"TWINCON","2970","SUP560"
"PLENTHOPE  INVESTMENTS","2978","SUP162"
"SPACEAGE LEATHER CRAFT ","3034","SUP368"
"ELANFIELD TRADING","3039","SUP56"
"TSALAKI INVESTMENTS","3068","SUP70"
"WALL GREENS","3069","SUP852"
"GALACTUS INVESTMENTS","3070","SUP920"
"GRAPHICATE","3071","SUP187"
"PRONISH ENGINEERS","3074","SUP655"
"RAINBOW EYE CO.","3075","SUP962"
"FAMILY KRAAL","3078","SUP58"
"PREMIUMTEC INVESTMENTS","3090","SUP55"
"NEDLE TRAINING SERVICES","3101","SUP417"
"BUSINESS STANDARDS AND SYSTEMS CERTIFICATION","3102","SUP901"
"TM INDUSTRIAL PSYCHOLOGICAL SERVICES","3103","SUP927"
"TAFARNO PVT LTD ","3105","SUP555"
"BHUNUTON","3106","SUP284"
"BHUNUTON INVESTMENTS","3109","SUP444"
"ROCKSAIL TRADING PVT LTD","3123","SUP918"
"CHAMERN TRADING PVT LTD ","3126","SUP867"
"NORAMS TRADING","3198","SUP803"
"EXTRAVILLE","3219","SUP909"
"Connect Zimbabwe Institute of systemic Therapy","3232","SUP44"
"MULLACENT INVESTMENTS","3240","SUP917"
"afriq","3247","SUP197"
" MAX HAIVO ELECTRICAL","3248","SUP295"
"SUI GENERIS LABOUR SERVICE","3264","SUP280"
"DENMUC PRESS (PVT) LTD","3270","SUP291"
"DAAMS AFRICA","3277","SUP290"
"PRISM POWERBASE","3278","SUP935"
"SIBMAG INVESTMENTS","3280","SUP143"
"WERKSTATT SERVICE CENTRE","3281","SUP151"
"CHENESAI NYIKA","3300","SUP850"
"ULTIMATE FIRE PROTECTION","3304","SUP808"
"GOLDTOUCH ICT","3312","SUP13"
"BLAQ IMPRESSION MEDIAEDU","3345","SUP739"
"ARIT ADVERTISING","3346","SUP533"
"eSTYLE CORPORATE GIFTS AND BRANDING","3348","SUP77"
"INTERSIL INVESTMENTS","3359","SUP562"
"VONLET TRADING","3362","SUP674"
"MATOWE ENTERPRISES","3364","SUP643"
"DARESMA ENGINEERING","3371","SUP223"
"BRITA CHEMICAL","3378","SUP632"
"SQUARE DEAL","3380","SUP870"
"ORANGE CREATIVE","3382","SUP659"
"LIQUINIUM ","3383","SUP255"
"JEFF DANIELS","3405","SUP432"
"BROADQUIP INDUSTRIALS","3406","SUP972"
"SOHO CONNECT","3409","SUP108"
"NASHUA ","3410","SUP864"
"CYBERWEB TECHNOLOGIES","3411","SUP828"
"MULTI ELECTRONICS","3414","SUP469"
"TECHFINITE","3418","SUP468"
"AMACON CIVILS","3419","SUP36"
"IZIDIN CONSTRUCTION","3423","SUP460"
"HOFEL CONSTRUCTION","3424","SUP395"
"TENSION CORNER BUILDING CONSTRUCTION","3427","SUP382"
"ABETEON ELECTRICAL","3430","SUP82"
"ABETECH ELECTRICAL","3433","SUP231"
"TUNKETT INVESTMENTS","3438","SUP673"
"ABE-TECH ELECTRICAL","3440","SUP88"
"ELECTRICAL RISK CONSULTANCY","3449","SUP704"
"McPress Advertising","3458","SUP868"
"ABMATECH MARKETING","3459","SUP791"
"DRIVEMO INVESTMENTS","3478","SUP451"
"KUBOTA ENGINEERING","3483","SUP877"
"BEST PRACTICES P/L","3489","SUP484"
"3PHASE","3510","SUP545"
"CHIEDZA RETIREMENTBADVISORY SERVICES","3521","SUP665"
"MINERVA BENEFITS CONSULTING","3522","SUP207"
"CHIEDZA RETIREMENT ADVISORY SERVICES","3559","SUP375"
"INAD HOUSE ENTERPRISES","3571","SUP23"
"HOIST ENGINEERING","3580","SUP59"
"INDUSTRIAL TECHNICAL ENGINEERING SERVICES","3586","SUP313"
"SHREWD HORIZONS","3589","SUP797"
"GI GLO INV","3590","SUP610"
"NUTSCALE BOREHOLE","3591","SUP499"
"LEVICO TRADING ","3592","SUP675"
"MUFUDZA TOUCH  INVESTMENTS","3613","SUP818"
"HOUSE CLEAN INDUSTRIAL SUPPLIERS","3615","SUP18"
"RYGEL TECHNOLOGIES","3618","SUP498"
"VENETIAN BLINDS CHAMPIOS","3623","SUP988"
"VENETIAN BLINDS CHAMPIONS","3627","SUP630"
"METRO-SOL","3638","SUP851"
"RED CIRCLE HR SOLUTIONS","3642","SUP790"
"HUMAN CAPITAL EXPERTS","3648","SUP73"
"HEAD HUNTERS INCORPORATED","3649","SUP428"
"P & I TRADING ","3662","SUP212"
"KINTEX INVESTMENT","3665","SUP778"
"pelosh","3670","SUP217"
"ROSCO AFRICA","3679","SUP836"
"ElecMania (PVT) LTD","3680","SUP682"
"TECHSOFT SOLUTIONS ","3681","SUP516"
"AQUA FIRE EXECUTIVE ","3693","SUP142"
"TONBERT PRINTING CO.","3754","SUP931"
"ONE TOUCH ELECTICAL SERVICES","3755","SUP986"
"MABCON ENGINEERING","3756","SUP824"
"P& I TRADING","3780","SUP5"
"GROUP GOLDEN PROJECTS","3801","SUP377"
"SOARING INVESTMENTS","3806","SUP891"
"MT&N DISTRIBUTORS","3840","SUP616"
"GEA ZIMBABWE","3841","SUP114"
"EQUATION INVESTMENTS","3842","SUP529"
"PALMREST CORPORATE WEAR","3843","SUP830"
"VINCI TECH","3908","SUP354"
"  VINCI TECH ","3910","SUP969"
"BREASTPLATE SERVICES","3912","SUP439"
"CLEANUR","3913","SUP794"
"POWERSTAR ZIMBABWE","3914","SUP684"
"ROMELIUS INVESTMENTS","3934","SUP6"
"FICTECH (PVT) LTD","3935","SUP286"
"SUPER CHOICE","3940","SUP133"
"P & I TRADING AND MANUFACTURING","4003","SUP903"
"REAL TIME DISTRIBUTORS","4069","SUP450"
"TEY ALLENZ GRANGER","4074","SUP455"
"ZIM OFFICE SUPPLIES","4075","SUP161"
"BRANDING IDEE INVESTMENTS","4078","SUP661"
"JEFF-DANIELS","4087","SUP631"
"PROMOTIONAL CORPORATE GIFTS","4089","SUP930"
"E-BRANDING","4090","SUP900"
"DUMWAT PVT LTD","4117","SUP939"
"Rue and Kings","4132","SUP116"
"QUADK HOME IMPROVEMENTS ANDDESIGNS","4138","SUP814"
"PEEL BRANDS","4145","SUP424"
"REDECON","4150","SUP629"
"SWORD","4151","SUP989"
"APERTURE INTERNATIONAL","4159","SUP83"
"KENTOM ELECTRICAL","4164","SUP447"
"MATTEX BRANDS","4167","SUP213"
"PLEASECON ENTERPRISES","4196","SUP564"
"E-DIRECTORIES","4209","SUP79"
"SOURCE GLOBAL ALLIANCE","4211","SUP329"
"RUE & KINGS","4212","SUP91"
"ALCARE ENTERPRISES","4213","SUP132"
"ACTIVE MARKETING INTERNATIONAL","4214","SUP129"
"KENCEL INVESTMENTS","4245","SUP526"
"CABLESTRING FIRE.CO","4264","SUP273"
"WARETECH TRADING ","4265","SUP501"
"DELUGE ENGINEERING","4270","SUP688"
"KUKAYA ENGINEERING","4271","SUP760"
"A.S FIRE PROTECTION & SERVICES","4272","SUP149"
"ACTIVE INSIGHT PVT LTD","4281","SUP995"
"PURPLETECH","4287","SUP676"
"SUPER CHOICE BRANDS","4297","SUP587"
"KENTOM","4308","SUP404"
"PLATA INVESTMENTS","4311","SUP908"
"EZARD CONTRACTORS","4314","SUP341"
"REAL STAR SECURITY","4346","SUP558"
"SENTINEL SECURITY TECHNOLOGY","4347","SUP66"
"LAST PACK","4353","SUP176"
"ROSELT MITCHELL ENTERPRISES","4378","SUP478"
"MOTRITAMA PVT LTD","4398","SUP981"
"RAY GROOVE ENGINEERING","4420","SUP642"
"CONTROLLED COOLING PVT LTD","4424","SUP544"
"COOLBRIDGE AIR CONDITIONING","4425","SUP865"
"TETRAULT  TRADING","4460","SUP312"
"MUNNEX CORPORATE SYSTEMS","4464","SUP860"
"DUCKNER INVESTMENTS","4465","SUP173"
"Globtech solutions & computing","4475","SUP128"
"ENHANCED ELECTRICAL POWER PROJECTS","4486","SUP641"
"SIMBISA","4490","SUP411"
"SIMBISA BRANDS","4493","SUP734"
"BARCELOS","4496","SUP883"
"CZB PROPERTIES","4501","SUP720"
"NATIONS HARDWARE","4502","SUP246"
"FARM AND CITY","4503","SUP858"
"OPEN HOUSE BUILDING","4512","SUP400"
"byco","4513","SUP941"
"monarch steel","4521","SUP923"
"CBZ PROPERTIES","4528","SUP332"
"HAMMER AND TOUNGES AFRICA HOLDINGS","4529","SUP712"
"CRUSADER REAL ESTATE","4530","SUP863"
"GLOBAL WORLD PROPERTIES","4531","SUP539"
"ENTREDEV VALUATION SURVEYORS","4532","SUP626"
"Herald House","4533","SUP47"
"ZENT MANUFACTURING","4534","SUP762"
"POWERTEL ","4536","SUP322"
"PICK N PAY","4540","SUP745"
"KFC","4542","SUP639"
"the builders home","4556","SUP541"
"TANY TAAC MEDIA","4568","SUP902"
"NHANHO MEDIA & ADVERTISING","4569","SUP806"
"KREATIVZX MEDIA","4570","SUP793"
"P & R FIRE PROTECTION ENGINEERING ","4586","SUP634"
"PROFESSIONAL FIRE ENGINEERS","4587","SUP203"
"ATOM RESOURCES ","4600","SUP405"
"MUKWAMBO TENDAI ","4604","SUP862"
"PROTYRE PROFESSIONAL FITMENT CENTRE","4605","SUP402"
"TIGER WHEELS & TYRE","4607","SUP221"
"MOTOR TORQUE","4610","SUP905"
"BAITON SOLUT IONS","4643","SUP228"
"CHARLES KAKORA NYAKUDYA","4645","SUP511"
"ELECTROSALES HARDWARE","4648","SUP767"
"BUILDERS INN HARDWARE","4649","SUP200"
"CRAIG CREEK TRADING","4650","SUP330"
"WHEELDON STEEL & STRUCTURAL REINFORCEMENTS","4651","SUP518"
"VALIDATEK","4652","SUP552"
"K MAUTSA","4667","SUP276"
"KINGSON ENGINEERING","4700","SUP271"
"PG CENTER","4703","SUP840"
"RANCHLATE AGRICULTURAL SUPPLIES & HARDWARE","4704","SUP239"
"HALSTED BUILDERS EXPRESS","4710","SUP707"
"THE HUMAN CAPITAL CONNECTION","4714","SUP928"
"CENTRAL PROCUREMENT CONSULTANTS","4715","SUP190"
"Pridham investments","4716","SUP305"
"Teecherz","4718","SUP525"
"checkers home & office","4721","SUP872"
"OK ZIMBABWE LIMITED","4723","SUP945"
" furniture merchants","4724","SUP301"
"Owner driven","4726","SUP275"
"Spares Inn","4729","SUP33"
"CHOPPIES","4731","SUP978"
"brian chinyakata","4733","SUP180"
"dynamic tobacco  merchan","4735","SUP265"
"kumbirayi mautsa","4736","SUP49"
"RUVIMBO S GANJE","4748","SUP470"
"J CHIADZWA","4749","SUP535"
"WINSTON KARUMAZONDO","4754","SUP61"
"TAFADZWA REGGIS DZINGAI","4755","SUP259"
"SAVEMORE CHAKUWAMBA","4756","SUP369"
"TEECHERZ FURNITURES","4758","SUP249"
"XTREME CAR HIRE","4759","SUP199"
"NGONI MUKWADA","4761","SUP145"
"FRANCISMANGWIRO","4762","SUP278"
"TM SUPERMARKETS","4775","SUP51"
"VANNKERK TRADING","4779","SUP567"
"OFFICE MAX","4786","SUP553"
"LAWACHA","4792","SUP236"
"ACCESS MARKETING","4795","SUP178"
"ELECMANIA PVT LTD","4800","SUP530"
"PEARLS OF AFRICA PVT LTD","4801","SUP575"
"AQUATIC HYDROLOGICAL SERVICES","4802","SUP607"
"UNION HARDWARE","4807","SUP148"
"COUNTRY CLUB","4814","SUP396"
"simbisa nandos","4815","SUP690"
"simbisa chicken inn","4816","SUP222"
"SINO TRUCK ZIMBABWE","4818","SUP933"
"Gain","4823","SUP592"
"STEEL MATE INVESTMENTS","4824","SUP298"
"RADLAY AUTOMATION","4826","SUP584"
"BRAKURON INVESTMENTS","4828","SUP121"
"YEMURAGE","4851","SUP731"
"FOOD WORLD","4853","SUP512"
"WESTBILL TRADING T/A STEEL WAREHOUSE","4860","SUP279"
"BSI STEEL","4865","SUP219"
"ACE INDUSTRIAL","4872","SUP612"
"H MANDIMA INVESTMENTS","4875","SUP619"
"PHOTON POWER NETWORKS","4876","SUP60"
"OLIVER CHARLES MPOFU","4883","SUP122"
"KRISTY MOONSAMMY","4892","SUP652"
"TAGONESWA","4902","SUP849"
"EDWIN TAKUNDA MUGWARA","4908","SUP93"
"PASVANI INVESTMENT","4914","SUP67"
"kingdom paints","4918","SUP123"
"NAISON MUREHWA","4939","SUP391"
"nash paints","4940","SUP899"
"paint express","4963","SUP349"
"DIMMY RANVENGA","4973","SUP293"
"1","4978","SUP889"
"DIMMY RANZVENGA","4981","SUP227"
"JOSHUA TINASHE MUNGORIWO","4984","SUP979"
"DYNAMIC TOBACCO MERCHANTS","5007","SUP992"
"MUGWISI LOVEMORE","5008","SUP769"
"DAINAH PAULINA MAPIRA","5021","SUP401"
"TINASHE SITHOLE","5051","SUP115"
"ANNIE MAPFUNDE","5053","SUP355"
"BATA SHOE COMPANY","5080","SUP653"
"BONE AIR ENGINEERING","5094","SUP522"
"NEPRO AIR","5098","SUP22"
"INDUSTRIAL TRAINING AND TRADE TESTING","5102","SUP361"
"CALTON INVESTMENTS","5122","SUP141"
"wonder jongwe","5124","SUP694"
"DELTA BEVERAGES","5125","SUP813"
"NEVERMIND PUWERA","5129","SUP502"
"LAWRENCE MUSONZA","5130","SUP764"
"sandavan holdings ","5132","SUP782"
"refresh beverage solutions","5153","SUP31"
"BISHEM DHURA","5175","SUP96"
"CHECKERS","5177","SUP647"
"CAPRI APPLIANCES","5179","SUP967"
"CRYSTAL CLEARVIEW FENCING","5180","SUP593"
"TREVOR TAPFUMANEYI","5181","SUP683"
"POMONA STEEL & FENCING","5186","SUP528"
"BARRIER TECH","5187","SUP204"
"STOHILL PROPERTIES","5188","SUP809"
"BARCELOS FLAME GRILLED CHICKEN","5201","SUP247"
"ZIMBABWE AGRICULTURE SOCIETY","5207","SUP294"
"Appollonia","5221","SUP776"
"Appollonia Chakudunga","5261","SUP57"
"Jeffery Chiadzwa","5268","SUP413"
"Pascal Kachidzwa","5272","SUP644"
"Ned Matumbu","5279","SUP230"
"TENDO ELECTRONICS","5280","SUP386"
"MINING &INDUSTRIAL SUPPLIERS","5281","SUP237"
"Godfrey Fundo","5290","SUP601"
"Spellbound","5292","SUP37"
"NASH FURNISHERS","5304","SUP976"
"WEPH COMMERCIAL AGENCIES PVT LTD","5307","SUP126"
"CANSAN ELECTRONICS","5308","SUP861"
"STAR TRACK PROJECTS","5310","SUP344"
"EKHAYA GUEST HOUSE","5320","SUP179"
"DOMINICAN CONSTRUCTION","5327","SUP482"
"ROSEBAND INTERNATIONAL","5328","SUP821"
"NATIONS HARDWARE & ELECTRICAL","5338","SUP205"
"TYPLET BOREHOLE DRILLING","5341","SUP843"
"toyota zimbabwe","5345","SUP29"
"TELONE","5346","SUP763"
"MECON HOLDINGS","5365","SUP804"
"goldtech","5366","SUP509"
"zacks electronics","5374","SUP815"
"SKINNERS AUTO BODY REPAIRS","5437","SUP387"
"SPAR","5441","SUP645"
"MEGA PAK ZIMBABWE","5442","SUP311"
"SOUTHERN AFRICA ASSOCIATION OF ACCOUNTANTS","5443","SUP693"
"CHOICE SUPAR FARM PRODUCE","5444","SUP244"
"FLEANANCE INVESTMENTA","5452","SUP384"
"PALMER CONSTRUCTION","5458","SUP218"
"TM PICK n PAY","5464","SUP43"
"MEDICAL IMAGING CENTRE","5470","SUP635"
"Pioneering health group","5476","SUP757"
"betta ball sports","5477","SUP956"
"ariel spors","5489","SUP725"
"leon sports","5491","SUP440"
"KINGSLAND INVESTMENTS","5497","SUP296"
"TV SALES AND HOME","5503","SUP929"
"HILIGHT ELECTRONICS","5518","SUP563"
"BLUEWAVE GAS N SOLAR","5521","SUP897"
"LOSAVE INVESTMENT","5528","SUP337"
"GUEST AND TANNER","5534","SUP841"
"WOODTHROPE","5535","SUP193"
"tile carpet","5537","SUP785"
"BHOLA","5539","SUP390"
"FORESTRY & GARDEN TOOLS Pvt Ltd","5557","SUP561"
"KAPSLOCKE MARKETING","5582","SUP407"
"TILE & CARPET","5607","SUP270"
"Zimbabwe newspapers","5610","SUP993"
"QUALITY PAINTS & WALLPAPERS","5614","SUP479"
"PREMIER CATERING AND EQUIPMENT","5615","SUP495"
"BIZLINK CATERING EQUIPMENT SOLUTIONS","5616","SUP457"
"CARTER & BAKE EQUIPMENT SUPPLIERS","5618","SUP53"
"OPEN HOUSE ","5621","SUP342"
"JJ MAINTENANCE & BUILDING","5627","SUP320"
"foodworld","5642","SUP702"
"HOLIDAY INN","5645","SUP711"
"ZINARA","5646","SUP87"
"kribe caleb chipamuriwo","5649","SUP703"
"IPMZ","5653","SUP583"
"PGTIMBERS","5662","SUP458"
"MINISTRY OF HOME AFFAIRS AND CULTURAL HERITAGE","5665","SUP446"
"ALUMIN STRUCTURES","5668","SUP165"
"C.A.A.P.S ALUMINIUM &GLASS","5673","SUP556"
"MCROBSON TRADING","5678","SUP888"
"SANGANA AFRICA PVT LTD","5682","SUP678"
