"name","type","classification","code","depot_name","district_name","region_name"
"RIPPLE CREEK ","SUBSTATION","PRIMARY","H64","REDCLIFF DEPOT","KWEKWE DISTRICT ","SOUTHERN REGION"
"THORNHILL","SUBSTATION","PRIMARY","G23","GWERU URBAN DEPOT","GWERU DISTRICT ","SOUTHERN REGION"
"CHERTSEY_330KV","SUBSTATION","BSP","573165",NULL,NULL,"TRANSMISSION"
"SHERWOOD 330 KV",NULL,"BSP","573205",NULL,NULL,"TRANSMISSION"
"SHURUGWI LOCAL","SUBSTATION","PRIMARY","G8","SHURUGWI DEPOT","GWERU DISTRICT ","SOUTHERN REGION"
"MT HAMPDEN","SUBSTATION","PRIMARY","294","MABELREIGN DEPOT","HR NORTH DISTRICT","HARARE REGION"
"TOKWE_SUBSTATION",NULL,"BSP","573105",NULL,NULL,"TRANSMISSION"
"HAVEN 330 KV",NULL,"BSP","573145",NULL,NULL,"TRANSMISSION"
"STRATHAVEN","SUBSTATION","PRIMARY","866","MABELREIGN DEPOT","HR NORTH DISTRICT","HARARE REGION"
"DOROWA VR 33/11","SUBSTATION","PRIMARY","U50","RUSAPE  DEPOT","MANICALAND DISTRICT ","EASTERN REGION"
"WORKINGTON","SUBSTATION","PRIMARY","1514","WARREN PARK DEPOT","HR NORTH DISTRICT","HARARE REGION"
"MUNYATI POWER STATION",NULL,"POWER_STATON","573211",NULL,NULL,"TRANSMISSION"
"LYDIATE_33KV_S.S","DISTRIBUTION","PRIMARY","M77","CHEGUTU DEPOT","KADOMA DISTRICT ","NORTHERN REGION"
"BEATRICE_33KV_S.S","DISTRIBUTION","PRIMARY","M27",NULL,"KADOMA DISTRICT ","NORTHERN REGION"
"RIMUKA_ROAD_33KV_S.S","DISTRIBUTION","PRIMARY","H36","KADOMA DEPOT","KADOMA DISTRICT ","NORTHERN REGION"
"DALNY_MINE_33KV_S.S","DISTRIBUTION","PRIMARY","H20","KADOMA DEPOT","KADOMA DISTRICT ","NORTHERN REGION"
"UMFURUDZI_SOUTH_33KV_S.S","DISTRIBUTION","PRIMARY","M56","BINDURA DEPOT","BINDURA  DISTRICT ","NORTHERN REGION"
"TURK","SUBSTATION","PRIMARY","Q4","TURK MINE DEPOT","GWANDA DISTRICT","WESTERN REGION"
"WARNHAM 33/11","SUBSTATION","PRIMARY","U32","MUTARE ENVIRONS  DEPOT","MUTARE DISTRICT ","EASTERN REGION"
"CHEGUTU_WEST","DISTRIBUTION","PRIMARY","H35","CHEGUTU DEPOT","KADOMA DISTRICT ","NORTHERN REGION"
"KADOMA_88KV_S.S","POWER","PRIMARY","H18","KADOMA DEPOT","KADOMA DISTRICT ","NORTHERN REGION"
"TENGWE_33KV_S.S","DISTRIBUTION","PRIMARY","M68","KAROI DEPOT","CHINHOYI DISTRICT ","NORTHERN REGION"
"MANICA","SUBSTATION","PRIMARY","1511","CBD DEPOT","HR EAST DISTRICT","HARARE REGION"
"KARIBA_EAST_33KV_S.S","DISTRIBUTION","PRIMARY","K8","KARIBA DEPOT","CHINHOYI DISTRICT ","NORTHERN REGION"
"CHINHOYI_132KV_S.S","POWER","PRIMARY","M112","CHINHOYI DEPOT","CHINHOYI DISTRICT ","NORTHERN REGION"
"GREYSTONE PARK","SUBSTATION","PRIMARY","991","BORROWDALE DEPOT","HR EAST DISTRICT","HARARE REGION"
"ALASKA_330KV_S.S","POWER","PRIMARY","M76_","CHINHOYI DEPOT","CHINHOYI DISTRICT ","NORTHERN REGION"
"KARIBA_TOWN_33KV_S.S","DISTRIBUTION","PRIMARY","K1","KARIBA DEPOT","CHINHOYI DISTRICT ","NORTHERN REGION"
"HARARE_SOUTH_33KV_S.S","DISTRIBUTION","PRIMARY","M48",NULL,"KADOMA DISTRICT ","NORTHERN REGION"
"INDUSTRIAL 33/11","SUBSTATION","PRIMARY","U72","MUTARE URBAN  DEPOT","MUTARE DISTRICT ","EASTERN REGION"
"GUTU 33/11","SUBSTATION","PRIMARY","S4","GUTU  DEPOT","MASVINGO DISTRICT ","EASTERN REGION"
"BURMA VALLEY 33/11","SUBSTATION","PRIMARY","U58","MUTARE ENVIRONS  DEPOT","MUTARE DISTRICT ","EASTERN REGION"
"NYANGA 132/33","BULK SUPPLY POINT","PRIMARY","U57","NYANGA  DEPOT","MANICALAND DISTRICT ","EASTERN REGION"
"BELVEDERE","PRIMARY","SWITCHING STATION","562","WARREN PARK DEPOT","HR NORTH DISTRICT","HARARE REGION"
"CRANBORNE","PRIMARY","SWITCHING STATION","154","CBD DEPOT","HR EAST DISTRICT","HARARE REGION"
"EAGLE VULTURE","SUBSTATION","PRIMARY","J15","GWANDA DEPOT","GWANDA DISTRICT","WESTERN REGION"
"DETE","SUBSTATION","PRIMARY","W20","HWANGE DEPOT","GWANDA DISTRICT","WESTERN REGION"
"MARVEL","SUBSTATION","PRIMARY","MAR88/66","NKETA DEPOT","BYO EAST DISTRICT ","WESTERN REGION"
"GLENVILLE","SUBSTATION","PRIMARY","GLE88","ENTUMBANE DEPOT","BYO WEST DISTRICT ","WESTERN REGION"
"MORGANS","PRIMARY","SWITCHING STATION","45","MABELREIGN DEPOT","HR NORTH DISTRICT","HARARE REGION"
"MUBAYIRA_33KV_S.S","DISTRIBUTION","PRIMARY","M39","CHEGUTU DEPOT","KADOMA DISTRICT ","NORTHERN REGION"
"KWEKWE 88KV SS","SUBSTATION","PRIMARY","H2","KWEKWE URBAN DEPOT","KWEKWE DISTRICT ","SOUTHERN REGION"
"HILLSIDE","SUBSTATION","PRIMARY","402","MABVUKU DEPOT","HR EAST DISTRICT","HARARE REGION"
"GADZEMA_33KV_S.S","DISTRIBUTION","PRIMARY","H59","CHEGUTU DEPOT","KADOMA DISTRICT ","NORTHERN REGION"
"UNKI MINE","SUBSTATION","PRIMARY","G33","SHURUGWI DEPOT","GWERU DISTRICT ","SOUTHERN REGION"
"DONNINGTON","SUBSTATION","PRIMARY","DON88","BYO EAST URBAN  DEPOT","BYO WEST DISTRICT ","WESTERN REGION"
"SEKE","SUBSTATION","PRIMARY","M70","ZENGEZA DEPOT","CHITUNGWIZA DISTRICT","HARARE REGION"
"BROMPTON_33KV_S.S","DISTRIBUTION","PRIMARY","H38","KADOMA DEPOT","KADOMA DISTRICT ","NORTHERN REGION"
"DOROWA MINE 33/11","SUBSTATION","PRIMARY","U14","RUSAPE  DEPOT","MANICALAND DISTRICT ","EASTERN REGION"
"DAMOFALLS","SUBSTATION","PRIMARY","4682","RUWA DEPOT","HR EAST DISTRICT","HARARE REGION"
"RENCO MINE 33/11","SUBSTATION","PRIMARY","L10","MASVINGO  DEPOT","MASVINGO DISTRICT ","EASTERN REGION"
"MASHAVA 132/33/11","SUBSTATION","PRIMARY","S7","MASVINGO  DEPOT","MASVINGO DISTRICT ","EASTERN REGION"
"HIGHLANDS PARK","SUBSTATION","PRIMARY","1502","BORROWDALE DEPOT","HR EAST DISTRICT","HARARE REGION"
"BIKITA 33/11","SUBSTATION","PRIMARY","S9","MASVINGO  DEPOT","MASVINGO DISTRICT ","EASTERN REGION"
"KWEKWE EAST","SUBSTATION","PRIMARY","H30","KWEKWE URBAN DEPOT","KWEKWE DISTRICT ","SOUTHERN REGION"
"ZHOMBE","SUBSTATION","PRIMARY","H4","KWEKWE URBAN DEPOT","KWEKWE DISTRICT ","SOUTHERN REGION"
"MVUMA 88","SUBSTATION","PRIMARY","G18","MVUMA DEPOT","GWERU DISTRICT ","SOUTHERN REGION"
"MANRESA","SUBSTATION","PRIMARY","777","MABVUKU DEPOT","HR EAST DISTRICT","HARARE REGION"
"ZBC","SUBSTATION","PRIMARY","G10","GWERU ENVIRONS DEPOT","GWERU DISTRICT ","SOUTHERN REGION"
"GUINEA FOWL","SUBSTATION","PRIMARY","G3","GWERU ENVIRONS DEPOT","GWERU DISTRICT ","SOUTHERN REGION"
"GLENLIVET 33/11","SUBSTATION","PRIMARY","S18","MASVINGO  DEPOT","MASVINGO DISTRICT ","EASTERN REGION"
"KYLE 33/11","SUBSTATION","PRIMARY","S22","MASVINGO  DEPOT","MASVINGO DISTRICT ","EASTERN REGION"
"ZIMASCO WEST","SUBSTATION","PRIMARY","H26","KWEKWE URBAN DEPOT","KWEKWE DISTRICT ","SOUTHERN REGION"
"MIDDLESABI 132/33","SUBSTATION","PRIMARY","U17","MIDDLE SABI  DEPOT","MANICALAND DISTRICT ","EASTERN REGION"
"BIRCHNEOUGH 33/11","SUBSTATION","PRIMARY","U48","MIDDLE SABI  DEPOT","MANICALAND DISTRICT ","EASTERN REGION"
"KWEKWE WEST","SUBSTATION","PRIMARY","H23","REDCLIFF DEPOT","KWEKWE DISTRICT ","SOUTHERN REGION"
"WILLOWVALE MOTOR INDUSTRIES","PRIMARY","SWITCHING STATION","1256","SOUTHERTON DEPOT","HR SOUTH DISTRICT","HARARE REGION"
"HAVEN ","SUBSTATION","PRIMARY","H65","REDCLIFF DEPOT","KWEKWE DISTRICT ","SOUTHERN REGION"
"MBARE","PRIMARY","SWITCHING STATION","747","SOUTHERTON DEPOT","HR SOUTH DISTRICT","HARARE REGION"
"WEDZA_NORTH_33KV_S.S","DISTRIBUTION","PRIMARY","M46","MARONDERA DEPOT","MARONDERA DISTRICT ","NORTHERN REGION"
"SHABANI MINE BIRTHDAY","SUBSTATION","PRIMARY","S236","ZVISHAVANE DEPOT","ZVISHAVANE DISTRICT ","SOUTHERN REGION"
"CAM_AND_MOTOR_33KV_S.S","DISTRIBUTION","PRIMARY","H22","KADOMA DEPOT","KADOMA DISTRICT ","NORTHERN REGION"
"CHIVHU","SUBSTATION","PRIMARY","G20","CHIVHU DEPOT","GWERU DISTRICT ","SOUTHERN REGION"
"BIRCHES","SUBSTATION","PRIMARY","658","MABELREIGN DEPOT","HR NORTH DISTRICT","HARARE REGION"
"KAMBUZUMA","SUBSTATION","PRIMARY","1509","WARREN PARK DEPOT","HR NORTH DISTRICT","HARARE REGION"
"MKWASINE 132/11","SUBSTATION","PRIMARY","L2","CHIREDZI  DEPOT","MASVINGO DISTRICT ","EASTERN REGION"
"TRIANGLE WEST 33/11","SUBSTATION","PRIMARY","T16","CHIREDZI  DEPOT","MASVINGO DISTRICT ","EASTERN REGION"
"EMGANWINI SWITCHING ","SUBSTATION","SWITCHING","EMG88SW","BYO EAST URBAN  DEPOT","BYO WEST DISTRICT ","WESTERN REGION"
"ARCTURUS_33KV_S.S","DISTRIBUTION","PRIMARY","M16","JURU DEPOT","MARONDERA DISTRICT ","NORTHERN REGION"
"BROMLEY_132KV","POWER","PRIMARY","M47","BROMLEY DEPOT","MARONDERA DISTRICT ","NORTHERN REGION"
"ATLANTA_132KV_S.S","POWER","PRIMARY","M106","JURU DEPOT","MARONDERA DISTRICT ","NORTHERN REGION"
"HORSESHOE_132KV_S.S","POWER","PRIMARY","M131","MVURWI DEPOT","BINDURA  DISTRICT ","NORTHERN REGION"
"TROJEN_(BINDURA)_88KV_S.S","POWER","PRIMARY","M14","BINDURA DEPOT","BINDURA  DISTRICT ","NORTHERN REGION"
"BINDURA_NORTH_33KV_S.S","DISTRIBUTION","PRIMARY","M45","BINDURA DEPOT","BINDURA  DISTRICT ","NORTHERN REGION"
"PALM_TREE_33KV_S.S","DISTRIBUTION","PRIMARY","M94","MHANGURA DEPOT","CHINHOYI DISTRICT ","NORTHERN REGION"
"MWENEZI 132/33","SUBSTATION","PRIMARY","L15","RUTENGA  DEPOT","MASVINGO DISTRICT ","EASTERN REGION"
"CHITUNGWIZA","SUBSTATION","PRIMARY","M109","MAKONI DEPOT","CHITUNGWIZA DISTRICT","HARARE REGION"
"FLYDE_88KV_S.S","POWER","PRIMARY","H62","KADOMA DEPOT","KADOMA DISTRICT ","NORTHERN REGION"
"TRIANGLE MILL 33/11","SUBSTATION","PRIMARY","T11","CHIREDZI  DEPOT","MASVINGO DISTRICT ","EASTERN REGION"
"CHIREDZI EAST 33/11","SUBSTATION","PRIMARY","L18","CHIREDZI  DEPOT","MASVINGO DISTRICT ","EASTERN REGION"
"RUTENGA 33/11","SUBSTATION","PRIMARY","L11","RUTENGA  DEPOT","MASVINGO DISTRICT ","EASTERN REGION"
"TRIANGLE 132/33","SUBSTATION","PRIMARY","T15","CHIREDZI  DEPOT","MASVINGO DISTRICT ","EASTERN REGION"
"KOPJE","SUBSTATION","PRIMARY","1517","CBD DEPOT","HR EAST DISTRICT","HARARE REGION"
"KADOMA_INDUSTRIAL_33KV_S.S","DISTRIBUTION","PRIMARY","H57","KADOMA DEPOT","KADOMA DISTRICT ","NORTHERN REGION"
"GRANITESIDE","PRIMARY","SWITCHING STATION","204","WATERFALLS DEPOT","HR SOUTH DISTRICT","HARARE REGION"
"LAURANCEDALE_33KV_S.S","DISTRIBUTION","PRIMARY","M29","CONCESSION DEPOT","BINDURA  DISTRICT ","NORTHERN REGION"
"MUROMBEDZI_S.S","DISTRIBUTION","PRIMARY","M119","CHINHOYI DEPOT","CHINHOYI DISTRICT ","NORTHERN REGION"
"MWANGA_33KV_S.S","DISTRIBUTION","PRIMARY","M108","CHINHOYI DEPOT","CHINHOYI DISTRICT ","NORTHERN REGION"
"MVURWI_NORTH_33KV_S.S","DISTRIBUTION","PRIMARY","M66","CONCESSION DEPOT","BINDURA  DISTRICT ","NORTHERN REGION"
"4/1 ARMY CAMP","SUBSTATION","PRIMARY","S42","MASVINGO  DEPOT","MASVINGO DISTRICT ","EASTERN REGION"
"HUNYANI_PT_B_33KV_S.S","DISTRIBUTION","PRIMARY","M83","CHINHOYI DEPOT","CHINHOYI DISTRICT ","NORTHERN REGION"
"BEERSHEBA_33KV_S.S","DISTRIBUTION","PRIMARY","M91","CHEGUTU DEPOT","KADOMA DISTRICT ","NORTHERN REGION"
"SHAMVA_33KV_S.S","DISTRIBUTION","PRIMARY","M9","BINDURA DEPOT","BINDURA  DISTRICT ","NORTHERN REGION"
"MAZVIKADEI_33KV_S.S","DISTRIBUTION","PRIMARY","M113","CHINHOYI DEPOT","CHINHOYI DISTRICT ","NORTHERN REGION"
"ZVISHAVANE ","SUBSTATION","PRIMARY","S3","ZVISHAVANE DEPOT","ZVISHAVANE DISTRICT ","SOUTHERN REGION"
"UMFULI_33KV_S.S","DISTRIBUTION","PRIMARY","H10","CHEGUTU DEPOT","KADOMA DISTRICT ","NORTHERN REGION"
"CONCESSION_HILL_33KV_S.S","DISTRIBUTION","PRIMARY","H16","KADOMA DEPOT","KADOMA DISTRICT ","NORTHERN REGION"
"TORPHIN","DISTRIBUTION","PRIMARY","H45","KADOMA DEPOT","KADOMA DISTRICT ","NORTHERN REGION"
"MACHEKE_EAST_33KV_S.S","DISTRIBUTION","PRIMARY","M114","MARONDERA DEPOT","MARONDERA DISTRICT ","NORTHERN REGION"
"CHRISTON_BANK_33KV_S.S","DISTRIBUTION","PRIMARY","M69","CONCESSION DEPOT","BINDURA  DISTRICT ","NORTHERN REGION"
"MACHEKE_NORTH_33KV_S.S","DISTRIBUTION","PRIMARY","M4","MARONDERA DEPOT","MARONDERA DISTRICT ","NORTHERN REGION"
"GLENDALE_NORTH_33KV_S.S","DISTRIBUTION","PRIMARY","M24","CONCESSION DEPOT","BINDURA  DISTRICT ","NORTHERN REGION"
"CONCESSION_NORTH_33KV_S.S","DISTRIBUTION","PRIMARY","M72","CONCESSION DEPOT","BINDURA  DISTRICT ","NORTHERN REGION"
"TRIANGLE TOWN 33/11","SUBSTATION","PRIMARY","T12","CHIREDZI  DEPOT","MASVINGO DISTRICT ","EASTERN REGION"
"NYAZURA 33/11","SUBSTATION","PRIMARY","U47","RUSAPE  DEPOT","MANICALAND DISTRICT ","EASTERN REGION"
"WANGANELLA 33/11","SUBSTATION","PRIMARY","U69","CHIMANIMANI  DEPOT","MANICALAND DISTRICT ","EASTERN REGION"
"CHARTER 33/11","SUBSTATION","PRIMARY","U21","CHIMANIMANI  DEPOT","MANICALAND DISTRICT ","EASTERN REGION"
"MUTEMA 33/11","SUBSTATION","PRIMARY","U56","MIDDLE SABI  DEPOT","MANICALAND DISTRICT ","EASTERN REGION"
"POWER STATION ","SUBSTATION","PRIMARY","POW33","NKETA DEPOT","BYO EAST DISTRICT ","WESTERN REGION"
"KAMATIVI","SUBSTATION","PRIMARY","W2","HWANGE DEPOT","GWANDA DISTRICT","WESTERN REGION"
"GANDA PAN","SUBSTATION","PRIMARY","W7","HWANGE DEPOT","GWANDA DISTRICT","WESTERN REGION"
"HWANGE LOCAL","SUBSTATION","PRIMARY","W3","HWANGE DEPOT","GWANDA DISTRICT","WESTERN REGION"
"RATELSHOEK 33/11","SUBSTATION","PRIMARY","U18","CHIPINGE  DEPOT","MANICALAND DISTRICT ","EASTERN REGION"
"STAPLEFORD 33/11","SUBSTATION","PRIMARY","U13","MUTARE ENVIRONS  DEPOT","MUTARE DISTRICT ","EASTERN REGION"
"NYANGA 33/11","SUBSTATION","PRIMARY","U23","NYANGA  DEPOT","MANICALAND DISTRICT ","EASTERN REGION"
"MURAMBINDA 33/11","SUBSTATION","PRIMARY","U52","RUSAPE  DEPOT","MANICALAND DISTRICT ","EASTERN REGION"
"ZAMBEZI RIVER PUMPS","SUBSTATION","PRIMARY","W8","HWANGE DEPOT","GWANDA DISTRICT","WESTERN REGION"
"VICTORIA FALLS 2","SUBSTATION","PRIMARY","V2",NULL,"GWANDA DISTRICT","WESTERN REGION"
"VICTORIA FALLS 1","SUBSTATION","PRIMARY","V1",NULL,"GWANDA DISTRICT","WESTERN REGION"
"SPRINGS","SUBSTATION","PRIMARY","N2","NKETA DEPOT","BYO EAST DISTRICT ","WESTERN REGION"
"EHTE 33/11","SUBSTATION","PRIMARY","U30","NYANGA  DEPOT","MANICALAND DISTRICT ","EASTERN REGION"
"CHIREDZI TOWN 33/11","SUBSTATION","PRIMARY","L1","CHIREDZI  DEPOT","MASVINGO DISTRICT ","EASTERN REGION"
"FLAMBOYANT S37 33/11","SUBSTATION","PRIMARY","S37",NULL,"MASVINGO DISTRICT ","EASTERN REGION"
"ODZI U6 33/11","SUBSTATION","PRIMARY","U6","MUTARE ENVIRONS  DEPOT","MUTARE DISTRICT ","EASTERN REGION"
"MARANGE 33/11","SUBSTATION","PRIMARY","U51","MUTARE ENVIRONS  DEPOT","MANICALAND DISTRICT ",NULL
"RUSAPE WEST 33/11","SUBSTATION","PRIMARY","U16","RUSAPE  DEPOT","MANICALAND DISTRICT ","EASTERN REGION"
"TOKWE MUKORSI",NULL,"SUBSTATION","L17","CHIREDZI  DEPOT","MASVINGO DISTRICT ","EASTERN REGION"
"EMPRESS_33KV_S/S","DISTRIBUTION","PRIMARY","H9","KADOMA RURAL DEPOT","KADOMA DISTRICT ","NORTHERN REGION"
"TONGOGARA 33/11","SUBSTATION","PRIMARY","U40","MIDDLE SABI  DEPOT","MANICALAND DISTRICT ","EASTERN REGION"
"QUEENS","SUBSTATION","PRIMARY","Q3","TURK MINE DEPOT","GWANDA DISTRICT","WESTERN REGION"
"GWANDA","SUBSTATION","PRIMARY","J13","GWANDA DEPOT","GWANDA DISTRICT","WESTERN REGION"
"CENTENARY_33KVS.S","DISTRIBUTION","PRIMARY","M50","CENTENARY DEPOT","BINDURA  DISTRICT ","NORTHERN REGION"
"CHEGUTU_88KV_S.S","POWER","PRIMARY","H19","CHEGUTU DEPOT","KADOMA DISTRICT ","NORTHERN REGION"
"BANKET_33KV_S.S","DISTRIBUTION","PRIMARY","M10","CHINHOYI DEPOT","CHINHOYI DISTRICT ","NORTHERN REGION"
"HERREN_HAUSEN","POWER","PRIMARY","M90",NULL,"KADOMA DISTRICT ","NORTHERN REGION"
"MAPAKWE_33KV_S.S","DISTRIBUTION","PRIMARY","M26","BINDURA DEPOT","BINDURA  DISTRICT ","NORTHERN REGION"
"NORTON_330KV_S.S","POWER","PRIMARY","M32",NULL,"KADOMA DISTRICT ","NORTHERN REGION"
"ORANGE GROOVE 330KV","BULK SUPPLY POINT","PRIMARY","U35","MUTARE ENVIRONS  DEPOT","MUTARE DISTRICT ","EASTERN REGION"
"MUNYATI SWITCHING STATION","SWITCHING STATION","SWITCHING STATION","H6","KWEKWE URBAN DEPOT","KWEKWE DISTRICT ","SOUTHERN REGION"
"ZISCO SINTER PLANT 132","SUBSTATION","PRIMARY","H63-SR","REDCLIFF DEPOT","KWEKWE DISTRICT ","SOUTHERN REGION"
"RUSAPE33/11","SUBSTATION","PRIMARY","U8 ","RUSAPE  DEPOT","MANICALAND DISTRICT ","EASTERN REGION"
"INDARAMA","SUBSTATION","PRIMARY","H87","KWEKWE URBAN DEPOT","KWEKWE DISTRICT ","SOUTHERN REGION"
"FELIXBURG","SUBSTATION","PRIMARY","G4","CHIVHU DEPOT","GWERU DISTRICT ","SOUTHERN REGION"
"URONGA_33KV_S.S","DISTRIBUTION","PRIMARY","M36","BINDURA DEPOT","BINDURA  DISTRICT ","NORTHERN REGION"
"GONYE 33/11","SUBSTATION","PRIMARY","S40-ER","GUTU  DEPOT","MASVINGO DISTRICT ","EASTERN REGION"
"PARKROAD 132/33/11","SUBSTATION","PRIMARY","U11","MUTARE URBAN  DEPOT","MUTARE DISTRICT ","EASTERN REGION"
"CHIBUWE 33/11","SUBSTATION","PRIMARY","U41","MIDDLE SABI  DEPOT","MANICALAND DISTRICT ","EASTERN REGION"
"LEOPARD","SUBSTATION","PRIMARY","H29","NKAYI DEPOT","KWEKWE DISTRICT ","SOUTHERN REGION"
"SILOBELA ","SUBSTATION","PRIMARY","H5","NKAYI DEPOT","KWEKWE DISTRICT ","SOUTHERN REGION"
"ALASKA_132KV_S.S","POWER","PRIMARY","M76","CHINHOYI DEPOT","CHINHOYI DISTRICT ","NORTHERN REGION"
"MATEPATEPA_33KVS.S","DISTRIBUTION","PRIMARY","M54","BINDURA DEPOT","BINDURA  DISTRICT ","NORTHERN REGION"
"MT SELINDA 33/11","SUBSTATION","PRIMARY","U26","CHIPINGE  DEPOT","MANICALAND DISTRICT ","EASTERN REGION"
"NYANYADZI 33/11","SUBSTATION","PRIMARY","U54","MIDDLE SABI  DEPOT","MANICALAND DISTRICT ","EASTERN REGION"
"MASVINGO 33/11","SUBSTATION","PRIMARY","S10",NULL,"MASVINGO DISTRICT ","EASTERN REGION"
"FARMERS HALL 33/11","SUBSTATION","PRIMARY","S19","MASVINGO  DEPOT","MASVINGO DISTRICT ","EASTERN REGION"
"MAUNGANIDZE 33/11","SUBSTATION","PRIMARY","U55","MIDDLE SABI  DEPOT","MANICALAND DISTRICT ","EASTERN REGION"
"GWERU LOCAL","SUBSTATION","PRIMARY","G7","GWERU URBAN DEPOT","GWERU DISTRICT ","SOUTHERN REGION"
"DUTCHMAN'S POOL","SUBSTATION","PRIMARY","H28","KWEKWE URBAN DEPOT","KWEKWE DISTRICT ","SOUTHERN REGION"
"LENDY_33KV_S.S","DISTRIBUTION","PRIMARY","M52","MARONDERA DEPOT","MARONDERA DISTRICT ","NORTHERN REGION"
"RUZENDE 33/11","SUBSTATION","PRIMARY","U38","MUTARE ENVIRONS  DEPOT","MUTARE DISTRICT ","EASTERN REGION"
"CHIKANGA 33/11","SUBSTATION","PRIMARY","U68","MUTARE URBAN  DEPOT","MUTARE DISTRICT ","EASTERN REGION"
"CLEARWATER 33/11","SUBSTATION","PRIMARY","U45","CHIPINGE  DEPOT","MANICALAND DISTRICT ","EASTERN REGION"
"REDCLIFF","SUBSTATION","PRIMARY","H3","REDCLIFF DEPOT","KWEKWE DISTRICT ","SOUTHERN REGION"
"FEATHERSTONE_33KV_S.S","DISTRIBUTION","PRIMARY","M107","BEATRICE DEPOT","KADOMA DISTRICT ","NORTHERN REGION"
"LALAPANZI","SUBSTATION","PRIMARY","G6","GWERU ENVIRONS DEPOT","GWERU DISTRICT ","SOUTHERN REGION"
"GENERAL HOSPITAL","PRIMARY","SWITCHING STATION","20","MABELREIGN DEPOT","HR NORTH DISTRICT","HARARE REGION"
"SOMABHULA","SUBSTATION","PRIMARY","G28","GWERU ENVIRONS DEPOT","GWERU DISTRICT ","SOUTHERN REGION"
"NORTON_88KV_S.S","POWER","PRIMARY","B13",NULL,"KADOMA DISTRICT ","NORTHERN REGION"
"TURK","SUBSTATION","PRIMARY","Q19","TURK MINE DEPOT","GWANDA DISTRICT","WESTERN REGION"
"MLONYENI","SUBSTATION","PRIMARY","Q7",NULL,"GWANDA DISTRICT","WESTERN REGION"
"SHANGANI","SUBSTATION","PRIMARY","G13","GWERU ENVIRONS DEPOT","GWERU DISTRICT ","SOUTHERN REGION"
"LAMBO","SUBSTATION","SWITCHING","W3SW","HWANGE DEPOT","GWANDA DISTRICT","WESTERN REGION"
"AERODROME","SUBSTATION","PRIMARY","AER33","NKETA DEPOT","BYO EAST DISTRICT ","WESTERN REGION"
"CEMENT SWITCHING ","SUBSTATION","SWITCHING","CEM88SW","NKETA DEPOT","BYO EAST DISTRICT ","WESTERN REGION"
"TURF_33KV_S.S","DISTRIBUTION","PRIMARY","H71","KADOMA DEPOT","KADOMA DISTRICT ","NORTHERN REGION"
"MUTOKO_33KV_S.S","DISTRIBUTION","PRIMARY","M104","MUTOKO DEPOT","MARONDERA DISTRICT ","NORTHERN REGION"
"BNR 33/11","SUBSTATION","PRIMARY","S39","MASVINGO  DEPOT","MASVINGO DISTRICT ","EASTERN REGION"
"KAROI_NORTH_33KV_S.S","DISTRIBUTION","PRIMARY","K4","KAROI DEPOT","CHINHOYI DISTRICT ","NORTHERN REGION"
"BRANDFORD","SUBSTATION","PRIMARY","H61","KWEKWE URBAN DEPOT","KWEKWE DISTRICT ","SOUTHERN REGION"
"CITY INTAKE","SUBSTATION","PRIMARY","240","WARREN PARK DEPOT","HR NORTH DISTRICT","HARARE REGION"
"MUREWA_33KV_S.S","DISTRIBUTION","PRIMARY","M101","MUTOKO DEPOT","MARONDERA DISTRICT ","NORTHERN REGION"
"MARONDERA_TOWN_33KV_S.S","DISTRIBUTION","PRIMARY","M15","MARONDERA RURAL DEPOT","MARONDERA DISTRICT ","NORTHERN REGION"
"HORSESHOE_33KV_S.S","DISTRIBUTION","PRIMARY","M61","MVURWI DEPOT","BINDURA  DISTRICT ","NORTHERN REGION"
"ACTURUS","SUBSTATION","PRIMARY","29","MABVUKU DEPOT","HR EAST DISTRICT","HARARE REGION"
"CHINHOYI_NO.1_33KV_S.S","DISTRIBUTION","PRIMARY","M12","CHINHOYI DEPOT","CHINHOYI DISTRICT ","NORTHERN REGION"
"RANEEN 33/11","SUBSTATION","PRIMARY","U37","NYANGA  DEPOT","MANICALAND DISTRICT ","EASTERN REGION"
"MARKET SQUARE","PRIMARY","SWITCHING STATION","41","CBD DEPOT","HR EAST DISTRICT","HARARE REGION"
"TORONTO  33/11","SUBSTATION","PRIMARY","U9","MUTARE ENVIRONS  DEPOT","MUTARE DISTRICT ","EASTERN REGION"
"HARARE_NORTH_33KV_S.S","DISTRIBUTION","PRIMARY","M3","CONCESSION DEPOT","BINDURA  DISTRICT ","NORTHERN REGION"
"CENTENARY_NORTH_33KV_S.S","DISTRIBUTION","PRIMARY","M134","CENTENARY DEPOT","BINDURA  DISTRICT ","NORTHERN REGION"
"BUDIRIRO","SUBSTATION","PRIMARY","1515","GLENVIEW DEPOT","HR SOUTH DISTRICT","HARARE REGION"
"BORROWDALE","SUBSTATION","PRIMARY","30","BORROWDALE DEPOT","HR EAST DISTRICT","HARARE REGION"
"BEATRICE","SUBSTATION","PRIMARY","1098","SOUTHERTON DEPOT","HR SOUTH DISTRICT","HARARE REGION"
"MUFAKOSE","SUBSTATION","PRIMARY","3822","KUWADZANA DEPOT","HR NORTH DISTRICT","HARARE REGION"
"GLEN NORAH","SUBSTATION","PRIMARY","3825","GLENVIEW DEPOT","HR SOUTH DISTRICT","HARARE REGION"
"HIPPO VALLEY 33/11","SUBSTATION","PRIMARY","L9","CHIREDZI  DEPOT","MASVINGO DISTRICT ","EASTERN REGION"
"KUWADZANA","SUBSTATION","PRIMARY","1513","KUWADZANA DEPOT","HR NORTH DISTRICT","HARARE REGION"
"MT_DARWIN_33KV_S.S","DISTRIBUTION","PRIMARY","M60","MT DARWIN DEPOT","BINDURA  DISTRICT ","NORTHERN REGION"
"BANKET_NORTH_33KV_S.S","DISTRIBUTION","PRIMARY","M71","CHINHOYI DEPOT","CHINHOYI DISTRICT ","NORTHERN REGION"
"NORTH AVE LOCAL","PRIMARY","SWITCHING STATION","25","MABELREIGN DEPOT","HR NORTH DISTRICT","HARARE REGION"
"WARWICK_33KV_S.S","DISTRIBUTION","PRIMARY","M97","MARONDERA DEPOT","MARONDERA DISTRICT ","NORTHERN REGION"
"JUMBO_MINE_33KV_S.S","DISTRIBUTION","PRIMARY","M6","CONCESSION DEPOT","BINDURA  DISTRICT ","NORTHERN REGION"
"OLD WEST MINE SHAFT 33/11","SUBSTATION","PRIMARY","U36","MUTARE ENVIRONS  DEPOT","MUTARE DISTRICT ","EASTERN REGION"
"BAMBOO CREEK 33/11","SUBSTATION","PRIMARY","U70","CHIPINGE  DEPOT","MANICALAND DISTRICT ","EASTERN REGION"
"DOMA_33KV_S.S","DISTRIBUTION","PRIMARY","M87","MHANGURA DEPOT","CHINHOYI DISTRICT ","NORTHERN REGION"
"UMFURUDZI_NORTH_33KV_S.S","DISTRIBUTION","PRIMARY","M59","BINDURA DEPOT","BINDURA  DISTRICT ","NORTHERN REGION"
"MSONEDI_33KV_S.S","DISTRIBUTION","PRIMARY","M137","CONCESSION DEPOT","BINDURA  DISTRICT ","NORTHERN REGION"
"SHAMVA_SOUTH_33KV_S.S","DISTRIBUTION","PRIMARY","M2","BINDURA DEPOT","BINDURA  DISTRICT ","NORTHERN REGION"
"VUMBA 33/11","SUBSTATION","PRIMARY","U24","MUTARE ENVIRONS  DEPOT","MUTARE DISTRICT ","EASTERN REGION"
"AIRPORT","SUBSTATION","PRIMARY","3765","CBD DEPOT","HR EAST DISTRICT","HARARE REGION"
"FOURTH STREET","PRIMARY","SWITCHING STATION","400","CBD DEPOT","HR EAST DISTRICT","HARARE REGION"
"CHEGUTU_INDUSTRIAL_33KV_S.S","DISTRIBUTION","PRIMARY","H63","KADOMA DEPOT","KADOMA DISTRICT ","NORTHERN REGION"
"THE_GROOVE_33KV_S.S","DISTRIBUTION","PRIMARY","M58","JURU DEPOT","MARONDERA DISTRICT ","NORTHERN REGION"
"GLENESK_33KV_S.S","DISTRIBUTION","PRIMARY","M138","CHINHOYI DEPOT","CHINHOYI DISTRICT ","NORTHERN REGION"
"CHAKARI_33KV_S.S","DISTRIBUTION","PRIMARY","H12","KADOMA DEPOT","KADOMA DISTRICT ","NORTHERN REGION"
"PASI_DAM_33KV_S.S","DISTRIBUTION","PRIMARY","H14","KADOMA DEPOT","KADOMA DISTRICT ","NORTHERN REGION"
"USWESWE_33KV_S.S","DISTRIBUTION","PRIMARY","H7","KADOMA DEPOT","KADOMA DISTRICT ","NORTHERN REGION"
"CHINHOYI_NORTH_33KV_S.S","DISTRIBUTION","PRIMARY","M65","CHINHOYI DEPOT","CHINHOYI DISTRICT ","NORTHERN REGION"
"FIRLE","SUBSTATION","PRIMARY","1226","GLENVIEW DEPOT","HR SOUTH DISTRICT","HARARE REGION"
"LENNOX MINE 33/11","SUBSTATION","PRIMARY","S29","MASVINGO  DEPOT","MASVINGO DISTRICT ","EASTERN REGION"
"KING MINE 33/11","SUBSTATION","PRIMARY","S23","MASVINGO  DEPOT","MASVINGO DISTRICT ","EASTERN REGION"
"BUSHMEAD 33/11","SUBSTATION","PRIMARY","S24","MASVINGO  DEPOT","MASVINGO DISTRICT ","EASTERN REGION"
"NORTON_INDUSTRIAL_33KV_S.S","DISTRIBUTION","PRIMARY","M123",NULL,"KADOMA DISTRICT ","NORTHERN REGION"
"CRITERION","SUBSTATION","PRIMARY","CRI88","NKETA DEPOT","BYO EAST DISTRICT ","WESTERN REGION"
"MABELREIGN","PRIMARY","SWITCHING STATION","265","MABELREIGN DEPOT","HR NORTH DISTRICT","HARARE REGION"
"INVERNES","PRIMARY","SWITCHING STATION","403","MABVUKU DEPOT","HR EAST DISTRICT","HARARE REGION"
"HUNYANI","SUBSTATION","PRIMARY","438","KUWADZANA DEPOT","HR NORTH DISTRICT","HARARE REGION"
"PROSPECT","SUBSTATION","PRIMARY","1300","WATERFALLS DEPOT","HR SOUTH DISTRICT","HARARE REGION"
"GOLDEN_VALLEY_33KV_S.S","DISTRIBUTION","PRIMARY","H13","KADOMA DEPOT","KADOMA DISTRICT ","NORTHERN REGION"
"VUMBACHIKWE MINE","SUBSTATION","PRIMARY","J1","GWANDA DEPOT","GWANDA DISTRICT","WESTERN REGION"
"TULI MAKWE","SUBSTATION","PRIMARY","J2","GWANDA DEPOT","GWANDA DISTRICT","WESTERN REGION"
"MANAMA","SUBSTATION","PRIMARY","J25","GWANDA DEPOT","GWANDA DISTRICT","WESTERN REGION"
"RUWA","SUBSTATION","PRIMARY","1516","RUWA DEPOT","HR EAST DISTRICT","HARARE REGION"
"INSUKAMINI ","SUBSTATION","PRIMARY","INS88","BULAWAYO ENVIRONS  DEPOT","GWANDA DISTRICT","WESTERN REGION"
"MVUMA","SUBSTATION","PRIMARY","G9","MVUMA DEPOT","GWERU DISTRICT ","SOUTHERN REGION"
"ACES","SUBSTATION","PRIMARY","519","WARREN PARK DEPOT","HR NORTH DISTRICT","HARARE REGION"
"ZVISHAVANE WEST","SUBSTATION","PRIMARY","S33","ZVISHAVANE DEPOT","ZVISHAVANE DISTRICT ","SOUTHERN REGION"
"PUMULA SOUTH","SUBSTATION","PRIMARY","PUM88","BYO EAST URBAN  DEPOT","BYO WEST DISTRICT ","WESTERN REGION"
"BELMONT","SUBSTATION","PRIMARY","BEL88","NKETA DEPOT","BYO EAST DISTRICT ","WESTERN REGION"
"COLLEEN BAWN","SUBSTATION","PRIMARY","J6","GWANDA DEPOT","GWANDA DISTRICT","WESTERN REGION"
"HATCLIFF","SUBSTATION","PRIMARY","3824","BORROWDALE DEPOT","HR EAST DISTRICT","HARARE REGION"
"ZISCO SWITCHING YARD","SWITCHING STATION","SWITCH STATION/YARD","ZISCO SWITCHING YARD","REDCLIFF DEPOT","KWEKWE DISTRICT ","SOUTHERN REGION"
"ZVISHAVANE LOCAL","SUBSTATION","PRIMARY","S32","ZVISHAVANE DEPOT","ZVISHAVANE DISTRICT ","SOUTHERN REGION"
"RAFFINGORA_33KV_S.S","DISTRIBUTION","PRIMARY","M84","MUTORASHANGA DEPOT","CHINHOYI DISTRICT ","NORTHERN REGION"
"LIONS_DEN_33KV_S.S","DISTRIBUTION","PRIMARY","M64","CHINHOYI DEPOT","CHINHOYI DISTRICT ","NORTHERN REGION"
"INDUSTRIAL","SUBSTATION","PRIMARY","M55","ZENGEZA DEPOT","CHITUNGWIZA DISTRICT","HARARE REGION"
"TOWN1","SUBSTATION","PRIMARY","M81","MAKONI DEPOT","CHITUNGWIZA DISTRICT","HARARE REGION"
"GOKWE","SUBSTATION","PRIMARY","H55","GOKWE DEPOT","KWEKWE DISTRICT ","SOUTHERN REGION"
"MKOBA ","SUBSTATION","PRIMARY","G26","GWERU URBAN DEPOT","GWERU DISTRICT ","SOUTHERN REGION"
"ZVISHAVANE SOUTH","SUBSTATION","PRIMARY","S6","ZVISHAVANE DEPOT","ZVISHAVANE DISTRICT ","SOUTHERN REGION"
"MBERENGWA 132 SWITCHING STATION","SWITCHING STATION","SWITCH STATION/YARD","S45","ZVISHAVANE DEPOT","ZVISHAVANE DISTRICT ","SOUTHERN REGION"
"BIRKDALE_33KV_S.S","DISTRIBUTION","PRIMARY","M44","MUTORASHANGA DEPOT","CHINHOYI DISTRICT ","NORTHERN REGION"
"RUSAPE132/33 ","SUBSTATION","BULK SUPPLY POINT","U20","RUSAPE  DEPOT","MANICALAND DISTRICT ","EASTERN REGION"
"CHIPINGE 33/11","SUBSTATION","PRIMARY","U2","CHIPINGE  DEPOT","MANICALAND DISTRICT ","EASTERN REGION"
"SANDE","SUBSTATION","PRIMARY","4038","WATERFALLS DEPOT","HR SOUTH DISTRICT","HARARE REGION"
"HATFIELD GATES","SUBSTATION","PRIMARY","415","CBD DEPOT","HR EAST DISTRICT","HARARE REGION"
"INKOMO_33KV_S.S","DISTRIBUTION","PRIMARY","M67","MUTORASHANGA DEPOT","CHINHOYI DISTRICT ","NORTHERN REGION"
"TSUNGWEZI 33/11","SUBSTATION","PRIMARY","U7","RUSAPE  DEPOT","MANICALAND DISTRICT ","EASTERN REGION"
"ZISCO 88","SUBSTATION","PRIMARY","ZISCO 88","REDCLIFF DEPOT","KWEKWE DISTRICT ","SOUTHERN REGION"
"LYTTON LOCAL","PRIMARY","SWITCHING STATION","453","WARREN PARK DEPOT","HR NORTH DISTRICT","HARARE REGION"
"NKAYI ","SUBSTATION","PRIMARY","H78","NKAYI DEPOT","KWEKWE DISTRICT ","SOUTHERN REGION"
"INYALA MINE","SUBSTATION","PRIMARY","S36","MATAGA DEPOT","ZVISHAVANE DISTRICT ","SOUTHERN REGION"
"ZAKA 33/11","SUBSTATION","PRIMARY","S41-ER",NULL,"MASVINGO DISTRICT ","EASTERN REGION"
"LINCOLN","PRIMARY","SWITCHING STATION","39","MABELREIGN DEPOT","HR NORTH DISTRICT","HARARE REGION"
"MBERENGWA","SUBSTATION","PRIMARY","S5","ZVISHAVANE DEPOT","ZVISHAVANE DISTRICT ","SOUTHERN REGION"
"MARVEL","SUBSTATION","PRIMARY","MAR88/33","NKETA DEPOT","BYO EAST DISTRICT ","WESTERN REGION"
"JOTSHOLO","SUBSTATION","PRIMARY","W18","HWANGE DEPOT","GWANDA DISTRICT","WESTERN REGION"
"PLUMTREE","SUBSTATION","PRIMARY","N12","PLUMTREE DEPOT","GWANDA DISTRICT","WESTERN REGION"
"PRINCESS","SUBSTATION","PRIMARY","J3","GWANDA DEPOT","GWANDA DISTRICT","WESTERN REGION"
"BATTLEFIELD","SUBSTATION","PRIMARY","H40","KWEKWE URBAN DEPOT","KWEKWE DISTRICT ","SOUTHERN REGION"
"BUCHWA","SUBSTATION","PRIMARY","S25","ZVISHAVANE DEPOT","ZVISHAVANE DISTRICT ","SOUTHERN REGION"
"MUROWA DIAMONDS","SUBSTATION","PRIMARY","S41","ZVISHAVANE DEPOT","ZVISHAVANE DISTRICT ","SOUTHERN REGION"
"SABI MINE","SUBSTATION","PRIMARY","S40","ZVISHAVANE DEPOT","ZVISHAVANE DISTRICT ","SOUTHERN REGION"
"SENGA","SUBSTATION","PRIMARY","G34","GWERU URBAN DEPOT","GWERU DISTRICT ","SOUTHERN REGION"
"INDIVA","SUBSTATION","PRIMARY","G5","GWERU ENVIRONS DEPOT","GWERU DISTRICT ","SOUTHERN REGION"
"ATHENS MINE","SUBSTATION","PRIMARY","G16","MVUMA DEPOT","GWERU DISTRICT ","SOUTHERN REGION"
"INDIVA SWITCHING  STATION","SWITCHING STATION","SWITCH STATION/YARD","573171","GWERU ENVIRONS DEPOT","GWERU DISTRICT ","SOUTHERN REGION"
"FERUKA 33/11","SUBSTATION","PRIMARY","U3","MUTARE ENVIRONS  DEPOT","MUTARE DISTRICT ","EASTERN REGION"
"REDWING MINE 33/11","SUBSTATION","PRIMARY","U27","MUTARE ENVIRONS  DEPOT","MUTARE DISTRICT ","EASTERN REGION"
"OSBORNE 33/11","SUBSTATION","PRIMARY","U59","MUTARE ENVIRONS  DEPOT","MUTARE DISTRICT ","EASTERN REGION"
"FIGTREE","SUBSTATION","PRIMARY","N7","BULAWAYO ENVIRONS  DEPOT","GWANDA DISTRICT","WESTERN REGION"
"NASHVILLE","SUBSTATION","PRIMARY","G27","GWERU URBAN DEPOT","GWERU DISTRICT ","SOUTHERN REGION"
"KAROI_33KV_S.S","DISTRIBUTION","PRIMARY","K2","KAROI DEPOT","CHINHOYI DISTRICT ","NORTHERN REGION"
"GURUVE_33KV_S.S","DISTRIBUTION","PRIMARY","M129","MVURWI DEPOT","BINDURA  DISTRICT ","NORTHERN REGION"
"TILBURY 33/11","SUBSTATION","PRIMARY","U43","CHIMANIMANI  DEPOT","MANICALAND DISTRICT ","EASTERN REGION"
"COVENTRY","SUBSTATION","PRIMARY","4052","WARREN PARK DEPOT","HR NORTH DISTRICT","HARARE REGION"
"NYAMANDLOVU ","SUBSTATION","PRIMARY","Q12","TURK MINE DEPOT","GWANDA DISTRICT","WESTERN REGION"
"MARONDERA_132KV_S.S","POWER","PRIMARY","M78","MARONDERA DEPOT","MARONDERA DISTRICT ","NORTHERN REGION"
"NYAMBUYA_DAM_33KV_S.S","DISTRIBUTION","PRIMARY","M80","MARONDERA DEPOT","MARONDERA DISTRICT ","NORTHERN REGION"
"MURIEL_MINE_33KV_S.S","DISTRIBUTION","PRIMARY","M35","MUTORASHANGA DEPOT","CHINHOYI DISTRICT ","NORTHERN REGION"
"GOLDEN_KOPJE_33KV_S.S","DISTRIBUTION","PRIMARY","M88","CHINHOYI DEPOT","CHINHOYI DISTRICT ","NORTHERN REGION"
"CHINHOYI_NO.2_33KV_S.S","DISTRIBUTION","PRIMARY","M133","CHINHOYI DEPOT","CHINHOYI DISTRICT ","NORTHERN REGION"
"MUTORASHANGA_330KV_S.S","POWER","PRIMARY","M75_","MUTORASHANGA DEPOT","CHINHOYI DISTRICT ","NORTHERN REGION"
"BORROWDALE","DISTRIBUTION","PRIMARY","M41_","JURU DEPOT","MARONDERA DISTRICT ","NORTHERN REGION"
"MADZIWA_88KV_S.S","POWER","PRIMARY","M17","BINDURA DEPOT","BINDURA  DISTRICT ","NORTHERN REGION"
"MAZOWE_88KV_S.S","POWER","PRIMARY","M30","CONCESSION DEPOT","BINDURA  DISTRICT ","NORTHERN REGION"
"MOTAPA","SUBSTATION","PRIMARY","Q6","TURK MINE DEPOT","GWANDA DISTRICT","WESTERN REGION"
"ARCTURUS_CHIKOMO_33KV_S.S","DISTRIBUTION","PRIMARY","M140","JURU DEPOT","MARONDERA DISTRICT ","NORTHERN REGION"
"NEW_ATLANTA_33KV_S.S","DISTRIBUTION","PRIMARY","M57","JURU DEPOT","MARONDERA DISTRICT ","NORTHERN REGION"
"MHANGURA_33KV_S.S","DISTRIBUTION","PRIMARY","M73","MHANGURA DEPOT","CHINHOYI DISTRICT ","NORTHERN REGION"
"GWENHORO MAIN","SUBSTATION","PRIMARY","G15","SHURUGWI DEPOT","GWERU DISTRICT ","SOUTHERN REGION"
"PPC REGULATING STATION","SUBSTATION","SWITCHING","PPCSW","GWANDA DEPOT","GWANDA DISTRICT","WESTERN REGION"
"MKOSANA ","SUBSTATION","PRIMARY","V3",NULL,"GWANDA DISTRICT","WESTERN REGION"
"TABAMALI","SUBSTATION","PRIMARY","H24","KWEKWE URBAN DEPOT","KWEKWE DISTRICT ","SOUTHERN REGION"
"PEAK MINE","SUBSTATION","PRIMARY","G12","SHURUGWI DEPOT","GWERU DISTRICT ","SOUTHERN REGION"
"EMGANWINI","SUBSTATION","PRIMARY","EMG88","BYO EAST URBAN  DEPOT","BYO WEST DISTRICT ","WESTERN REGION"
"AURIDIUM","SUBSTATION","PRIMARY","J29","BEITBRIDGE DEPOT","GWANDA DISTRICT","WESTERN REGION"
"LEMBWE_33KV_S.S","DISTRIBUTION","PRIMARY","M7","MUTORASHANGA DEPOT","CHINHOYI DISTRICT ","NORTHERN REGION"
"BINDURA_132KV_S.S","POWER","PRIMARY","M128","BINDURA DEPOT","BINDURA  DISTRICT ","NORTHERN REGION"
"NOTTINGHAM","SUBSTATION","PRIMARY","J19","BEITBRIDGE DEPOT","GWANDA DISTRICT","WESTERN REGION"
"ILANDA","SUBSTATION","PRIMARY","ILA33","NKETA DEPOT","BYO EAST DISTRICT ","WESTERN REGION"
"LYNETTE","SUBSTATION","PRIMARY","1510","CBD DEPOT","HR EAST DISTRICT","HARARE REGION"
"HYDEPARK","SUBSTATION","PRIMARY","HYD88","ENTUMBANE DEPOT","BYO WEST DISTRICT ","WESTERN REGION"
"MPOPOMA","SUBSTATION","PRIMARY","MPO88","ENTUMBANE DEPOT","BYO WEST DISTRICT ","WESTERN REGION"
"ENGUTSHENI","SUBSTATION","PRIMARY","ENG88","NKETA DEPOT","BYO EAST DISTRICT ","WESTERN REGION"
"VALLEYFIELDS","SUBSTATION","PRIMARY","VAL88","BYO EAST URBAN  DEPOT","BYO WEST DISTRICT ","WESTERN REGION"
"BINGA","SUBSTATION","PRIMARY","W23","BINGA DEPOT","GWANDA DISTRICT","WESTERN REGION"
"MUTORASHANGA_33KV_S.S","DISTRIBUTION","PRIMARY","M33","MUTORASHANGA DEPOT","CHINHOYI DISTRICT ","NORTHERN REGION"
"PORTLAND","SUBSTATION","PRIMARY","G24","GWERU URBAN DEPOT","GWERU DISTRICT ","SOUTHERN REGION"
"ANCHOR YEAST ","SWITCHING STATION","SWITCH STATION/YARD","G7S150-G7S159","GWERU URBAN DEPOT","GWERU DISTRICT ","SOUTHERN REGION"
"SINO ZIMBABWE","SUBSTATION","PRIMARY","573175","GWERU ENVIRONS DEPOT","GWERU DISTRICT ","SOUTHERN REGION"
"MODZONE CONTROL","SUBSTATION","PRIMARY","M89","ZENGEZA DEPOT","CHITUNGWIZA DISTRICT","HARARE REGION"
"BEITBRIDGE","SUBSTATION","PRIMARY","J28","BEITBRIDGE DEPOT","GWANDA DISTRICT","WESTERN REGION"
"FORESTVALE","SUBSTATION","PRIMARY","FOR88","ENTUMBANE DEPOT","BYO WEST DISTRICT ","WESTERN REGION"
"LIMPOPO","SUBSTATION","PRIMARY","J17","BEITBRIDGE DEPOT","GWANDA DISTRICT","WESTERN REGION"
"ORIBI_33KV_S.S","DISTRIBUTION","PRIMARY","M93","JURU DEPOT","MARONDERA DISTRICT ","NORTHERN REGION"
"GARDENS","SUBSTATION","PRIMARY","1501","CBD DEPOT","HR EAST DISTRICT","HARARE REGION"
"DORSET","SUBSTATION","PRIMARY","16","BORROWDALE DEPOT","HR EAST DISTRICT","HARARE REGION"
"QUEENS PARK ","SUBSTATION","PRIMARY","QUE88","NKETA DEPOT","BYO EAST DISTRICT ","WESTERN REGION"
"KIA_ORA_33KV_S.S","DISTRIBUTION","PRIMARY","M103","CONCESSION DEPOT","BINDURA  DISTRICT ","NORTHERN REGION"
"BINDURA_33KV_S.S","DISTRIBUTION","PRIMARY","M8","BINDURA DEPOT","BINDURA  DISTRICT ","NORTHERN REGION"
"HWANGE HOUSING","SUBSTATION","PRIMARY","W22","HWANGE DEPOT","GWANDA DISTRICT","WESTERN REGION"
"COWDRAY PARK","SUBSTATION","PRIMARY","COW88","ENTUMBANE DEPOT","BYO WEST DISTRICT ","WESTERN REGION"
"DATATA_33KV_S.S","DISTRIBUTION","PRIMARY","M99","BROMLEY DEPOT","MARONDERA DISTRICT ","NORTHERN REGION"
"CAESAR_MINE_33KV_S.S","DISTRIBUTION","PRIMARY","M74","MUTORASHANGA DEPOT","CHINHOYI DISTRICT ","NORTHERN REGION"
"MIMOSA ","SUBSTATION","PRIMARY","MIMOSA ","ZVISHAVANE DEPOT","ZVISHAVANE DISTRICT ","SOUTHERN REGION"
"MBERENGWA SOUTH","SUBSTATION","PRIMARY","S20","ZVISHAVANE DEPOT","ZVISHAVANE DISTRICT ","SOUTHERN REGION"
"WILLOWVALE CONTROL","SUBSTATION","PRIMARY","1340","SOUTHERTON DEPOT","HR SOUTH DISTRICT","HARARE REGION"
"CENTRAGRID_2.50MVA_SOLAR_PLANT","DISTRIBUTION","PRIMARY","M41","MUTORASHANGA DEPOT","CHINHOYI DISTRICT ","NORTHERN REGION"
"RAILWAY BLOCK","SUBSTATION","PRIMARY","G11","SHURUGWI DEPOT","GWERU DISTRICT ","SOUTHERN REGION"
"P.E DAM","SUBSTATION","PRIMARY","1506","CBD DEPOT","HR EAST DISTRICT","HARARE REGION"
"PARKRIDGE","SUBSTATION","PRIMARY","1503","KUWADZANA DEPOT","HR NORTH DISTRICT","HARARE REGION"
"ZIMASCO EAST","SUBSTATION","PRIMARY","H68","KWEKWE URBAN DEPOT","KWEKWE DISTRICT ","SOUTHERN REGION"
"HERMES","PRIMARY","SWITCHING STATION","450","SOUTHERTON DEPOT","HR SOUTH DISTRICT","HARARE REGION"
"MATOPOS","SUBSTATION","PRIMARY","MAT","NKETA DEPOT","BYO EAST DISTRICT ","WESTERN REGION"
"DARWENDALE 33KV","DISTRIBUTION","PRIMARY","M34","MUTORASHANGA DEPOT","CHINHOYI DISTRICT ","NORTHERN REGION"
"FILABUSI","SUBSTATION","PRIMARY","J11","ESIGODINI DEPOT","GWANDA DISTRICT","WESTERN REGION"
"MUTORASHANGA_132KV_S.S","POWER","PRIMARY","M75","MUTORASHANGA DEPOT","CHINHOYI DISTRICT ","NORTHERN REGION"
"STEELDALE","SUBSTATION","PRIMARY","STE33","ENTUMBANE DEPOT","BYO WEST DISTRICT ","WESTERN REGION"
"SHILOR ","SUBSTATION","PRIMARY","Q2","TURK MINE DEPOT","GWANDA DISTRICT","WESTERN REGION"
"GLEN VIEW","SUBSTATION","PRIMARY","1508","GLENVIEW DEPOT","HR SOUTH DISTRICT","HARARE REGION"
"STAMFORD","SUBSTATION","PRIMARY","1505","MABELREIGN DEPOT","HR NORTH DISTRICT","HARARE REGION"
"SELOUS","SUBSTATION","PRIMARY","1000","BORROWDALE DEPOT","HR EAST DISTRICT","HARARE REGION"
"WYNNE STREET","PRIMARY","SWITCHING STATION","304","CBD DEPOT","HR EAST DISTRICT","HARARE REGION"
"HWANGE 33","SUBSTATION","SWITCHING","W14","HWANGE DEPOT","GWANDA DISTRICT","WESTERN REGION"
"UMGUZA","SUBSTATION","PRIMARY","Q11","TURK MINE DEPOT","GWANDA DISTRICT","WESTERN REGION"
"LONDON ROAD","SUBSTATION","PRIMARY","LON88","NKETA DEPOT","BYO EAST DISTRICT ","WESTERN REGION"
"FIFE STREET","SUBSTATION","PRIMARY","FIF33","NKETA DEPOT","BYO EAST DISTRICT ","WESTERN REGION"
"MHANGURA_88KV_S.S","POWER","PRIMARY","M38","MHANGURA DEPOT","CHINHOYI DISTRICT ","NORTHERN REGION"
"ALASKA_33KV_S.S","DISTRIBUTION","PRIMARY","M49","CHINHOYI DEPOT","CHINHOYI DISTRICT ","NORTHERN REGION"
"COLEFORD","SUBSTATION","PRIMARY","1133","MABVUKU DEPOT","HR EAST DISTRICT","HARARE REGION"
"SENIORS","SUBSTATION","PRIMARY","189","CBD DEPOT","HR EAST DISTRICT","HARARE REGION"
"POMONA","SUBSTATION","PRIMARY","1507","BORROWDALE DEPOT","HR EAST DISTRICT","HARARE REGION"
"HIGHFIELD","SUBSTATION","PRIMARY","1504","SOUTHERTON DEPOT","HR SOUTH DISTRICT","HARARE REGION"
"THORNHILL SWITCHING STATION","SWITCHING STATION","SWITCH STATION/YARD","G14S105-7","GWERU URBAN DEPOT","GWERU DISTRICT ","SOUTHERN REGION"
"GLENSIDE_33KV_S.S","DISTRIBUTION","PRIMARY","M79","CHINHOYI DEPOT","CHINHOYI DISTRICT ","NORTHERN REGION"
"MAGUNJE_33KV_S.S","DISTRIBUTION","PRIMARY","K6","KAROI DEPOT","CHINHOYI DISTRICT ","NORTHERN REGION"
"MARONDERA_SOUTH_33KV_S.S","DISTRIBUTION","PRIMARY","M18","MARONDERA DEPOT","MARONDERA DISTRICT ","NORTHERN REGION"
"SANDAWANA","SUBSTATION","PRIMARY","S35","MATAGA DEPOT","ZVISHAVANE DISTRICT ","SOUTHERN REGION"
"EPWORTH","SUBSTATION","PRIMARY","1512","RUWA DEPOT","HR EAST DISTRICT","HARARE REGION"
"ZIMPHOS CONTROL","SUBSTATION","PRIMARY","973","CBD DEPOT","HR EAST DISTRICT","HARARE REGION"
"GOLDEN QUARY","SUBSTATION","PRIMARY","G19","SHURUGWI DEPOT","GWERU DISTRICT ","SOUTHERN REGION"
"MAZUNGA","SUBSTATION","PRIMARY","J18","BEITBRIDGE DEPOT","GWANDA DISTRICT","WESTERN REGION"
"KHUMALO","SUBSTATION","PRIMARY","KHU33","NKETA DEPOT","BYO EAST DISTRICT ","WESTERN REGION"
"CEMENT","SUBSTATION","PRIMARY","CEM88","NKETA DEPOT","BYO EAST DISTRICT ","WESTERN REGION"
"MSASA","SUBSTATION","PRIMARY","H39","KWEKWE URBAN DEPOT","KWEKWE DISTRICT ","SOUTHERN REGION"
"IMPALI SOURCE","SUBSTATION","PRIMARY","G37","SHURUGWI DEPOT","GWERU DISTRICT ","SOUTHERN REGION"
"DANGAMVURA 33/11","SUBSTATION","PRIMARY","U34","MUTARE URBAN  DEPOT","MUTARE DISTRICT ","EASTERN REGION"
"WATSOMBA 33/11","SUBSTATION","PRIMARY","U49","MUTARE ENVIRONS  DEPOT","MUTARE DISTRICT ","EASTERN REGION"
"RUSAPE NORTH 33/11","SUBSTATION","PRIMARY","U28","RUSAPE  DEPOT","MANICALAND DISTRICT ","EASTERN REGION"
"WAPS","SUBSTATION","PRIMARY","1200","WARREN PARK DEPOT","HR NORTH DISTRICT","HARARE REGION"
"ESSEXVALE","SUBSTATION","PRIMARY","N3","ESIGODINI DEPOT","GWANDA DISTRICT","WESTERN REGION"
"SENTINEL","SUBSTATION","PRIMARY","J27","BEITBRIDGE DEPOT","GWANDA DISTRICT","WESTERN REGION"
"BLANKET MINE","SUBSTATION","PRIMARY","J4","GWANDA DEPOT","GWANDA DISTRICT","WESTERN REGION"
