name,depot,district,region,created_at,amount
Adelina Reitenbach,Borrowdale Depot,North District,West,2/1/2024,$80
Augustina Caulcutt,Glen View Depot,East District,South,13/12/2023,$47
Florri Deporte,Seke,Chitungwiza District,East,21/12/2023,$98
Ambrosi Riggey,Zengeza Depot,Chitungwiza District,Harare,4/12/2023,$14
Silvano McAree,Makoni Depot,South District,East,26/12/2023,$62
Beatriz Villa,CBD Depot,North District,East,13/12/2023,$7
Monte Tyrie,Glen View Depot,Chitungwiza District,South,23/12/2023,$52
Wolfy Sculley,Mabvuku Depot,East District,South,4/12/2023,$61
Zared Sibthorpe,Warren Park Depot,East District,Harare,14/12/2023,$27
Maxie Paffett,Mabvuku Depot,North District,Harare,28/12/2023,$45
Betteann Peret,Glen View Depot,North District,South,20/12/2023,$95
Anders Groarty,Seke,East District,West,4/12/2023,$76
Winston McNickle,CBD Depot,North District,South,6/12/2023,$61
Florrie Jansa,Zengeza Depot,East District,East,28/12/2023,$48
Jory Sutherby,Zengeza Depot,East District,West,30/12/2023,$1
Bennie Commusso,Seke,Chitungwiza District,West,31/12/2023,$90
Kerrill Ricoald,Borrowdale Depot,North District,Harare,9/12/2023,$12
Donal Hawsby,Glen View Depot,South District,Harare,1/12/2023,$23
Joleen Buttrick,Warren Park Depot,Chitungwiza District,West,9/12/2023,$100
Sofia Sach,Seke,East District,Harare,26/12/2023,$66
Emmalyn Gutierrez,Borrowdale Depot,North District,East,9/12/2023,$13
Pietrek Murison,Seke,East District,South,23/12/2023,$5
Ariella Benedite,Warren Park Depot,South District,East,18/12/2023,$49
Estrellita Latimer,Mabelreign Depot,East District,West,9/12/2023,$12
Dene Oriel,Ruwa Depot,Chitungwiza District,South,27/12/2023,$15
Cyrus Josuweit,Mabelreign Depot,East District,Harare,4/1/2024,$24
Joby Howick,Mabelreign Depot,North District,West,15/12/2023,$97
Malissa Vasilenko,Southerton Depot,South District,East,6/1/2024,$87
Henrietta Brittle,Ruwa Depot,Chitungwiza District,South,2/12/2023,$64
Ichabod Reedick,Mabelreign Depot,North District,South,20/12/2023,$94
Gerhardt Hegden,Waterfalls Depot,North District,East,13/12/2023,$2
Friedrich Oglesbee,Mabelreign Depot,East District,East,13/12/2023,$25
Torey Arundel,Waterfalls Depot,Chitungwiza District,East,22/12/2023,$2
Tana Gonnelly,Glen View Depot,Chitungwiza District,East,4/1/2024,$34
Carrissa Mishaw,Glen View Depot,East District,South,16/12/2023,$11
Lacie Kik,Warren Park Depot,East District,East,1/12/2023,$61
Gwenneth Haddacks,Borrowdale Depot,Chitungwiza District,East,2/1/2024,$45
Malcolm Braddick,Mabelreign Depot,Chitungwiza District,West,10/12/2023,$63
Arleyne Ffoulkes,Mabvuku Depot,East District,Harare,1/12/2023,$89
Charlotta Wulfinger,Waterfalls Depot,North District,Harare,28/12/2023,$44
Sam Soaper,Mabelreign Depot,North District,East,4/1/2024,$79
Hadrian Lucus,Glen View Depot,East District,South,1/1/2024,$54
Laurens Clamp,CBD Depot,South District,Harare,10/12/2023,$29
Karita Lilly,Mabelreign Depot,South District,Harare,21/12/2023,$32
Stanislaus Jeffries,Kuwadzana Depot,Chitungwiza District,East,3/1/2024,$25
Xever Benwell,Glen View Depot,North District,Harare,3/12/2023,$98
Loralee Vidloc,,,,,
Herta Horsefield,,,,,
Cecelia Eltun,,,,,
Audrye Dienes,,,,,
Desirae Aberchirder,,,,,
Dix Showl,,,,,
Dyanna Coombe,,,,,
Peirce Orred,,,,,
Dasi Lattey,,,,,
Zelma Gumme,,,,,
Cissy Piatkowski,,,,,
Harlen Wellstead,,,,,
Mahmud Clementson,,,,,
Laetitia Thompson,,,,,
Fredi Corstan,,,,,
Constantin Bumpass,,,,,
Magdalene Gulvin,,,,,
Albie Kettridge,,,,,
Lee Melbourn,,,,,
Lilllie Spellicy,,,,,
Mickie Dulin,,,,,
Ab Buckney,,,,,
Noell Whitington,,,,,
Cherilyn Padly,,,,,
Alisha O' Finan,,,,,
Roxy Aharoni,,,,,
Vanya Medlicott,,,,,
Brit Lansley,,,,,
Garwood Davitashvili,,,,,
Sallie Portis,,,,,
Sterling Seage,,,,,
Joanna Chatwin,,,,,
Doretta Gwatkin,,,,,
Miof mela Tarbert,,,,,
Perl Barczynski,,,,,
Garvey Audibert,,,,,
Maurita Northway,,,,,
Lois Balassi,,,,,
Niles Knoles,,,,,
Hinda Gleed,,,,,
Gan McRill,,,,,
Elden Kuzemka,,,,,
Virginia Tomasino,,,,,
Kasper Palffy,,,,,
Holli Hazell,,,,,
Jess Coughan,,,,,
Joane Bargh,,,,,
Fanni Castiglio,,,,,
Josephine Manus,,,,,
Ellie Hauxley,,,,,
Brigida Binfield,,,,,
Corney Popov,,,,,
Arlie Twitchings,,,,,
Karon McCaster,,,,,
