budget_id,section_code,section,budget,allocated,withdrawn,balance,awaiting_sanctioning,period,region
884,524701,Borrowdale,Borrowdale-T&E,164074.9596,0,164074.9596,128865.7628,2024,HARARE REGION
885,524701,Borrowdale,Borrowdale-computers,77773.05715,0,77773.05715,0,2024,HARARE REGION
886,524701,Borrowdale,Borrowdale-office and equipments,82484.36142,8804.493109,73679.86831,0,2024,HARARE REGION
887,524701,Borrowdale,Borrowdale-motor vehicles,692273.2809,0,692273.2809,0,2024,HARARE REGION
888,524701,Borrowdale,Borrowdale-Category 1,1665821.366,0,1665821.366,0,2024,HARARE REGION
889,524701,Borrowdale,Borrowdale-Category 2,12991919.07,0,12991919.07,0,2024,HARARE REGION
890,524701,Borrowdale,Borrowdale-Major Distribution Maintenace Equipment,1513883.285,0,1513883.285,0,2024,HARARE REGION
891,524701,CBD,CBD-T&E,164074.9596,81369.23995,82705.71962,0,2024,HARARE REGION
892,524701,CBD,CBD-computers,77773.05715,77479.53936,293.517788,0,2024,HARARE REGION
893,524701,CBD,CBD-office and equipments,82484.36142,0,82484.36142,0,2024,HARARE REGION
894,524701,CBD,CBD-motor vehicles,692273.2809,0,692273.2809,0,2024,HARARE REGION
895,524701,CBD,CBD-Category 1,1325476.417,0,1325476.417,0,2024,HARARE REGION
896,524701,CBD,CBD-Category 2,4423377.338,0,4423377.338,0,2024,HARARE REGION
897,524701,CBD,CBD-Major Distribution Maintenace Equipment,1513883.285,0,1513883.285,0,2024,HARARE REGION
898,524701,Mabvuku,Mabvuku -T&E,164074.9596,20410.41584,143664.5437,0,2024,HARARE REGION
899,524701,Mabvuku,Mabvuku -computers,77773.05715,0,77773.05715,0,2024,HARARE REGION
900,524701,Mabvuku,Mabvuku -office &equipment,82484.36142,0,82484.36142,0,2024,HARARE REGION
901,524701,Mabvuku,Mabvuku-motor vehicles,692273.2809,0,692273.2809,0,2024,HARARE REGION
902,524701,Mabvuku,Mabvuku-Category 1,207613.7895,0,207613.7895,0,2024,HARARE REGION
903,524701,Mabvuku,Mabvuku-Category 2,5354540.529,0,5354540.529,0,2024,HARARE REGION
904,524701,Mabvuku,Mabvuku-Major Distribution Maintenace Equipment,1513883.285,1179.695622,1512703.589,0,2024,HARARE REGION
905,524701,Ruwa,Ruwa -T&E,164074.9596,0,164074.9596,0,2024,HARARE REGION
906,524701,Ruwa,Ruwa -computers,77773.05715,23211.84547,54561.21168,0,2024,HARARE REGION
907,524701,Ruwa,Ruwa -office &equipment,82484.36142,22211.33489,60273.02653,12006.12697,2024,HARARE REGION
908,524701,Ruwa,Ruwa -motor vehicles,692273.2809,0,692273.2809,0,2024,HARARE REGION
909,524701,Ruwa,Ruwa -Category 1,31095179.52,0,31095179.52,0,2024,HARARE REGION
910,524701,Ruwa,Ruwa -Category 2,13132277.59,0,13132277.59,0,2024,HARARE REGION
911,524701,Ruwa,Ruwa -Major Distribution Maintenace Equipment,1513883.285,0,1513883.285,0,2024,HARARE REGION
912,524701,District Office,District Office -Motor  vehicle,96149.06679,0,96149.06679,0,2024,HARARE REGION
913,524701,District Office,District Office- computers,77773.05715,28837.51636,48935.54079,0,2024,HARARE REGION
914,524701,District Office,District Office -office &furniture,82484.36142,19089.74188,63394.61954,0,2024,HARARE REGION
915,524501,Warren Park,Warren Park -T&E,164074.9596,68915.16879,95159.79078,0,2024,HARARE REGION
916,524501,Warren Park,Warren Park -computers,77773.05715,60550.90034,17222.15681,0,2024,HARARE REGION
917,524501,Warren Park,Warren Park -office &equipment,82484.36142,47250.88587,35233.47555,13513.68751,2024,HARARE REGION
918,524501,Warren Park,Warren Park-motor vehicles,692273.2809,0,692273.2809,0,2024,HARARE REGION
919,524501,Warren Park,Warren Park-Category 1,3500026.133,0,3500026.133,0,2024,HARARE REGION
920,524501,Warren Park,Warren Park-Category 2,2303447.495,0,2303447.495,0,2024,HARARE REGION
921,524501,Warren Park,Warren Park-Major Distribution Maintenace Equipment,1580717.584,27461.36809,1553256.216,0,2024,HARARE REGION
922,524501,Kuwadzana,Kuwadzana-T&E,164074.9596,110769.9561,53305.00345,0,2024,HARARE REGION
923,524501,Kuwadzana,Kuwadzana -computers,77773.05715,63840.339,13932.71814,0,2024,HARARE REGION
924,524501,Kuwadzana,Kuwadzana-office &furniture equp,82484.36142,20136.49846,62347.86296,0,2024,HARARE REGION
925,524501,Kuwadzana,Kuwadzana-motor vehicles,692273.2809,0,692273.2809,0,2024,HARARE REGION
926,524501,Kuwadzana,Kuwadzana-Category 1,13024246.53,0,13024246.53,0,2024,HARARE REGION
927,524501,Kuwadzana,Kuwadzana-Category 2,4855030.434,0,4855030.434,0,2024,HARARE REGION
928,524501,Kuwadzana,Kuwadzana-Major Distribution Maintenace Equipment,1580717.584,40987.11655,1539730.467,0,2024,HARARE REGION
929,524501,Mabelreign,Mabelreign-T&E,164074.9596,130933.0994,33141.86019,0,2024,HARARE REGION
930,524501,Mabelreign,Mabelreign -computers,77773.05715,37704.36129,40068.69586,0,2024,HARARE REGION
931,524501,Mabelreign,Mabelreign -office &furniture equip,82484.36142,23668.96555,58815.39587,0,2024,HARARE REGION
932,524501,Mabelreign,Mabelreign-motor vehicles,692273.2809,0,692273.2809,0,2024,HARARE REGION
933,524501,Mabelreign,Mabelreign-Category 1,1152588.189,0,1152588.189,0,2024,HARARE REGION
934,524501,Mabelreign,Mabelreign-Category 2,1481075.823,0,1481075.823,0,2024,HARARE REGION
935,524501,Mabelreign,Mabelreign-Major Distribution Maintenace Equipment,1580717.584,52053.63801,1528663.946,0,2024,HARARE REGION
936,524501,District Office,District Office -Motor  vehicle,96149.06679,0,96149.06679,0,2024,HARARE REGION
937,524501,District Office,District Office- computers,77773.05715,69283.35668,8489.700464,0,2024,HARARE REGION
938,524501,District Office,District Office -office &furniture,82484.36142,37361.19897,45123.16245,130.2788839,2024,HARARE REGION
939,524601,Southerton,Southerton-T&E,164074.9596,28014.29626,136060.6633,0,2024,HARARE REGION
940,524601,Southerton,Southerton-computers,77773.05715,16648.49606,61124.56109,0,2024,HARARE REGION
941,524601,Southerton,Southerton-office &furniture equip,82484.36142,72617.05794,9867.303482,0,2024,HARARE REGION
942,524601,Southerton,Southerton-motor vehicles,692273.2809,0,692273.2809,0,2024,HARARE REGION
943,524601,Southerton,Southerton-Category 2,2574113.622,5802.961367,2568310.66,0,2024,HARARE REGION
944,524601,Southerton,Southerton-Major Distribution Maintenace Equipment,1981466.926,116059.2273,1865407.699,0,2024,HARARE REGION
945,524601,Glen View,Glen View-T&E,164074.9596,43622.26131,120452.6983,0,2024,HARARE REGION
946,524601,Glen View,Glen View-computer,77773.05715,74149.84015,3623.217,0,2024,HARARE REGION
947,524601,Glen View,Glen View -office &furniture equip,82484.36142,17608.98622,64875.3752,0,2024,HARARE REGION
948,524601,Glen View,Glen View-motor vehicles,692273.2809,0,692273.2809,0,2024,HARARE REGION
949,524601,Glen View,Glen View-Category 1,2074658.74,0,2074658.74,0,2024,HARARE REGION
950,524601,Glen View,Glen View-Category 2,11033150.44,0,11033150.44,0,2024,HARARE REGION
951,524601,Glen View,Glen View-Major Distribution Maintenace Equipment,1981466.926,0,1981466.926,0,2024,HARARE REGION
952,524601,Waterfalls,Waterfalls- T&E,164074.9596,72036.7618,92038.19778,0,2024,HARARE REGION
953,524601,Waterfalls,Waterfalls-computer,77773.05715,46823.89517,30949.16198,0,2024,HARARE REGION
954,524601,Waterfalls,Waterfalls-office &furniture equip,82484.36142,64032.67716,18451.68426,0,2024,HARARE REGION
955,524601,Waterfalls,Waterfalls-motor vehicles,692273.2809,0,692273.2809,0,2024,HARARE REGION
956,524601,Waterfalls,Waterfalls-Category 1,806811.7322,0,806811.7322,0,2024,HARARE REGION
957,524601,Waterfalls,Waterfalls-Category 2,15170540.55,0,15170540.55,0,2024,HARARE REGION
958,524601,Waterfalls,Waterfalls-Major Distribution Maintenace Equipment,1981466.926,0,1981466.926,0,2024,HARARE REGION
959,524601,District Office,District Office -Motor  vehicle,96149.06679,0,96149.06679,0,2024,HARARE REGION
960,524601,District Office,District Office- computers,77773.05715,56458.09169,21314.96545,0,2024,HARARE REGION
961,524601,District Office,District Office -office &furniture,82484.36142,72981.24379,9503.117631,0,2024,HARARE REGION
962,524401,Chitungwiza,Zengeza- T&E,164074.9596,0,164074.9596,0,2024,HARARE REGION
963,524401,Chitungwiza,Zengeza-computer,77773.05715,0,77773.05715,0,2024,HARARE REGION
964,524401,Chitungwiza,Zengeza-office &furniture equip,82484.36142,0,82484.36142,0,2024,HARARE REGION
965,524401,Chitungwiza,Zengeza-motor vehicles,692273.2809,0,692273.2809,0,2024,HARARE REGION
966,524401,Chitungwiza,Zengeza-Category 2,547479.3897,0,547479.3897,0,2024,HARARE REGION
967,524401,Chitungwiza,Zengeza-Major Distribution Maintenace Equipment,1886334.897,0,1886334.897,0,2024,HARARE REGION
968,524401,Chitungwiza,Seke- T&E,164074.9596,0,164074.9596,2801.429626,2024,HARARE REGION
969,524401,Chitungwiza,Seke-computer,77773.05715,0.720367618,77772.33678,0,2024,HARARE REGION
970,524401,Chitungwiza,Seke-office &furniture equip,82484.36142,80040.84644,2443.514975,0,2024,HARARE REGION
971,524401,Chitungwiza,Seke-motor vehicles,692273.2809,0,692273.2809,0,2024,HARARE REGION
972,524401,Chitungwiza,Seke-Category 1,1171797.992,0,1171797.992,0,2024,HARARE REGION
973,524401,Chitungwiza,Seke-Category 2,1796116.594,0,1796116.594,0,2024,HARARE REGION
974,524401,Chitungwiza,Seke-Major Distribution Maintenace Equipment,1886334.897,0,1886334.897,0,2024,HARARE REGION
975,524401,Chitungwiza,District Office -Motor  vehicle,96149.06679,0,96149.06679,0,2024,HARARE REGION
976,524401,Chitungwiza,District Office- computers,77773.05715,16008.16929,61764.88786,0,2024,HARARE REGION
977,524401,Chitungwiza,District Office -office &furniture,82484.36142,30598.75276,51885.60866,0,2024,HARARE REGION
978,524101,Network Development,Projects-T&E,51045.53956,0,51045.53956,0,2024,HARARE REGION
979,524101,Network Development,Projects-computers,77773.05715,41385.92006,36387.13708,0,2024,HARARE REGION
980,524101,Network Development,Projects-office &furniture equip,82484.36142,72837.17026,9647.191155,0,2024,HARARE REGION
981,524101,Network Development,Projects-motor vehicles,576894.4008,0,576894.4008,0,2024,HARARE REGION
982,524101,Network Development,Projects-Category 1,20214621.85,0,20214621.85,0,2024,HARARE REGION
983,524101,Network Development,Projects-Category 3,51360210.14,113256.7488,51246953.39,0,2024,HARARE REGION
984,524301,Operation and Maintenance,OPS- T&E,328149.9191,60030.63483,268119.2843,0,2024,HARARE REGION
985,524301,Operation and Maintenance,OPS-computer,77773.05715,10005.10581,67767.95134,0,2024,HARARE REGION
986,524301,Operation and Maintenance,OPS-office &furniture equip,82484.36142,6003.063483,76481.29794,0,2024,HARARE REGION
987,524301,Operation and Maintenance,OPS-motor vehicles,923031.0412,0,923031.0412,0,2024,HARARE REGION
988,523001,Human Resources,HR-computer,77773.05715,11005.61639,66767.44076,0,2024,HARARE REGION
989,523001,Human Resources,HR-office &furniture equip,82484.36142,59230.22637,23254.13505,1800.919045,2024,HARARE REGION
990,523001,Human Resources,HR-motor vehicles,192298.1336,0,192298.1336,0,2024,HARARE REGION
991,523001,Human Resources,HR-L&B,1890344.521,504082.1448,1386262.376,4402.246554,2024,HARARE REGION
992,525000,Commercial,Commercial- T&E,51045.53956,0,51045.53956,0,2024,HARARE REGION
993,525000,Commercial,Commercial-computer,77773.05715,76886.19656,886.8605827,0,2024,HARARE REGION
994,525000,Commercial,Commercial-office &furniture equip,82484.36142,17568.96579,64915.39562,0,2024,HARARE REGION
995,525000,Commercial,Commercial-motor vehicles,288447.2004,0,288447.2004,0,2024,HARARE REGION
996,522001,Finance,Finance- T&E,51045.53956,4402.246554,46643.29301,0,2024,HARARE REGION
997,522001,Finance,Finance-computer,77773.05715,23955.7204,53817.33674,0,2024,HARARE REGION
998,522001,Finance,Finance-office &furniture equip,82484.36142,169.3056,82315.05582,0,2024,HARARE REGION
999,522001,Finance,Finance-motor vehicles,192298.1336,192098.0315,200.1021161,0,2024,HARARE REGION
1000,526001,Risk,Risk-computer,77773.05715,29346.97634,48426.0808,0,2024,HARARE REGION
1001,526001,Risk,Risk-office &furniture equip,82484.36142,2001.021161,80483.34026,0,2024,HARARE REGION
1002,526001,Risk,Risk-motor vehicles,192298.1336,0,192298.1336,0,2024,HARARE REGION
1003,526001,Risk,Risk-Category 3,7043594.487,135415.105,6908179.382,0,2024,HARARE REGION
1004,527001,IT,IT- T&E,51045.53956,33477.08403,17568.45553,0,2024,HARARE REGION
1005,527001,IT,IT-computer,77773.05715,38239.51439,39533.54276,0,2024,HARARE REGION
1006,527001,IT,IT-office &furniture equip,82484.36142,0,82484.36142,0,2024,HARARE REGION
1007,527001,IT,IT-motor vehicles,192298.1336,0,192298.1336,0,2024,HARARE REGION
1008,524001,EM,EM-computer,77773.05715,16412.95546,61360.10169,0,2024,HARARE REGION
1009,524001,EM,EM-office &furniture equip,82484.36142,40052.43956,42431.92186,0,2024,HARARE REGION
1010,524001,EM,EM-motor vehicles,96149.06679,0,96149.06679,0,2024,HARARE REGION
1011,521001,GM,GM-computer,77773.05715,0,77773.05715,0,2024,HARARE REGION
1012,521001,GM,GM-office &furniture equip,82484.36142,0,82484.36142,0,2024,HARARE REGION
1013,521001,GM,GM-motor vehicles,96149.06679,0,96149.06679,0,2024,HARARE REGION
