"budget_id";"section_code";"section";"budget";"allocated";"withdrawn";"balance";"withdrawal_date";"awaiting_sanctioning";"period";"region"
"884";"524701";"Borrowdale";"Borrowdale-T&E";"409978072.10";"0.00";"409978072.10";"0000-00-00 00:00:00";"0.00";"2024";"harare"
"885";"524701";"Borrowdale";"Borrowdale-computers";"194333420.00";"0.00";"194333420.00";"0000-00-00 00:00:00";"0.00";"2024";"harare"
"886";"524701";"Borrowdale";"Borrowdale-office and equipments";"206105670.00";"0.00";"206105670.00";"0000-00-00 00:00:00";"0.00";"2024";"harare"
"887";"524701";"Borrowdale";"Borrowdale-motor vehicles";"1729800000.00";"0.00";"1729800000.00";"0000-00-00 00:00:00";"0.00";"2024";"harare"
"888";"524701";"Borrowdale";"Borrowdale-Category 1";"4162428160.00";"0.00";"4162428160.00";"0000-00-00 00:00:00";"0.00";"2024";"harare"
"889";"524701";"Borrowdale";"Borrowdale-Category 2";"32463222592.00";"0.00";"32463222592.00";"0000-00-00 00:00:00";"0.00";"2024";"harare"
"890";"524701";"Borrowdale";"Borrowdale-Major Distribution Maintenace Equipment";"3782776800.00";"0.00";"3782776800.00";"0000-00-00 00:00:00";"0.00";"2024";"harare"
"891";"524701";"CBD";"CBD-T&E";"409978072.10";"169990000.00";"239988072.10";"2024-01-17 08:45:43";"0.00";"2024";"harare"
"892";"524701";"CBD";"CBD-computers";"194333420.00";"0.00";"194333420.00";"0000-00-00 00:00:00";"0.00";"2024";"harare"
"893";"524701";"CBD";"CBD-office and equipments";"206105670.00";"0.00";"206105670.00";"0000-00-00 00:00:00";"0.00";"2024";"harare"
"894";"524701";"CBD";"CBD-motor vehicles";"1729800000.00";"0.00";"1729800000.00";"0000-00-00 00:00:00";"0.00";"2024";"harare"
"895";"524701";"CBD";"CBD-Category 1";"3312000000.00";"0.00";"3312000000.00";"0000-00-00 00:00:00";"0.00";"2024";"harare"
"896";"524701";"CBD";"CBD-Category 2";"11052800000.00";"0.00";"11052800000.00";"0000-00-00 00:00:00";"0.00";"2024";"harare"
"897";"524701";"CBD";"CBD-Major Distribution Maintenace Equipment";"3782776800.00";"0.00";"3782776800.00";"0000-00-00 00:00:00";"0.00";"2024";"harare"
"898";"524701";"Mabvuku";"Mabvuku -T&E";"409978072.10";"0.00";"409978072.10";"0000-00-00 00:00:00";"0.00";"2024";"harare"
"899";"524701";"Mabvuku";"Mabvuku -computers";"194333420.00";"0.00";"194333420.00";"0000-00-00 00:00:00";"0.00";"2024";"harare"
"900";"524701";"Mabvuku";"Mabvuku -office &equipment";"206105670.00";"0.00";"206105670.00";"0000-00-00 00:00:00";"0.00";"2024";"harare"
"901";"524701";"Mabvuku";"Mabvuku-motor vehicles";"1729800000.00";"0.00";"1729800000.00";"0000-00-00 00:00:00";"0.00";"2024";"harare"
"902";"524701";"Mabvuku";"Mabvuku-Category 1";"518769600.00";"0.00";"518769600.00";"0000-00-00 00:00:00";"0.00";"2024";"harare"
"903";"524701";"Mabvuku";"Mabvuku-Category 2";"13379520000.00";"0.00";"13379520000.00";"0000-00-00 00:00:00";"0.00";"2024";"harare"
"904";"524701";"Mabvuku";"Mabvuku-Major Distribution Maintenace Equipment";"3782776800.00";"0.00";"3782776800.00";"0000-00-00 00:00:00";"0.00";"2024";"harare"
"905";"524701";"Ruwa";"Ruwa -T&E";"409978072.10";"0.00";"409978072.10";"0000-00-00 00:00:00";"0.00";"2024";"harare"
"906";"524701";"Ruwa";"Ruwa -computers";"194333420.00";"0.00";"194333420.00";"0000-00-00 00:00:00";"0.00";"2024";"harare"
"907";"524701";"Ruwa";"Ruwa -office &equipment";"206105670.00";"0.00";"206105670.00";"0000-00-00 00:00:00";"1500000.00";"2024";"harare"
"908";"524701";"Ruwa";"Ruwa -motor vehicles";"1729800000.00";"0.00";"1729800000.00";"0000-00-00 00:00:00";"0.00";"2024";"harare"
"909";"524701";"Ruwa";"Ruwa -Category 1";"77698277568.00";"0.00";"77698277568.00";"0000-00-00 00:00:00";"0.00";"2024";"harare"
"910";"524701";"Ruwa";"Ruwa -Category 2";"32813939808.00";"0.00";"32813939808.00";"0000-00-00 00:00:00";"0.00";"2024";"harare"
"911";"524701";"Ruwa";"Ruwa -Major Distribution Maintenace Equipment";"3782776800.00";"0.00";"3782776800.00";"0000-00-00 00:00:00";"0.00";"2024";"harare"
"912";"524701";"District Office";"District Office -Motor  vehicle";"240250000.00";"0.00";"240250000.00";"0000-00-00 00:00:00";"0.00";"2024";"harare"
"913";"524701";"District Office";"District Office- computers";"194333420.00";"0.00";"194333420.00";"0000-00-00 00:00:00";"0.00";"2024";"harare"
"914";"524701";"District Office";"District Office -office &furniture";"206105670.00";"0.00";"206105670.00";"0000-00-00 00:00:00";"0.00";"2024";"harare"
"915";"524501";"Warren Park";"Warren Park -T&E";"409978072.10";"33000000.00";"376978072.10";"2024-01-15 03:10:19";"0.00";"2024";"harare"
"916";"524501";"Warren Park";"Warren Park -computers";"194333420.00";"0.00";"194333420.00";"0000-00-00 00:00:00";"0.00";"2024";"harare"
"917";"524501";"Warren Park";"Warren Park -office &equipment";"206105670.00";"0.00";"206105670.00";"0000-00-00 00:00:00";"0.00";"2024";"harare"
"918";"524501";"Warren Park";"Warren Park-motor vehicles";"1729800000.00";"0.00";"1729800000.00";"0000-00-00 00:00:00";"0.00";"2024";"harare"
"919";"524501";"Warren Park";"Warren Park-Category 1";"8745600000.00";"0.00";"8745600000.00";"0000-00-00 00:00:00";"0.00";"2024";"harare"
"920";"524501";"Warren Park";"Warren Park-Category 2";"5755680000.00";"0.00";"5755680000.00";"0000-00-00 00:00:00";"0.00";"2024";"harare"
"921";"524501";"Warren Park";"Warren Park-Major Distribution Maintenace Equipment";"3949777280.00";"0.00";"3949777280.00";"0000-00-00 00:00:00";"0.00";"2024";"harare"
"922";"524501";"Kuwadzana";"Kuwadzana-T&E";"409978072.10";"123500000.00";"286478072.10";"2024-01-15 03:10:29";"0.00";"2024";"harare"
"923";"524501";"Kuwadzana";"Kuwadzana -computers";"194333420.00";"0.00";"194333420.00";"0000-00-00 00:00:00";"0.00";"2024";"harare"
"924";"524501";"Kuwadzana";"Kuwadzana-office &furniture equp";"206105670.00";"0.00";"206105670.00";"0000-00-00 00:00:00";"0.00";"2024";"harare"
"925";"524501";"Kuwadzana";"Kuwadzana-motor vehicles";"1729800000.00";"0.00";"1729800000.00";"0000-00-00 00:00:00";"0.00";"2024";"harare"
"926";"524501";"Kuwadzana";"Kuwadzana-Category 1";"32544000000.00";"0.00";"32544000000.00";"0000-00-00 00:00:00";"0.00";"2024";"harare"
"927";"524501";"Kuwadzana";"Kuwadzana-Category 2";"12131382036.00";"0.00";"12131382036.00";"0000-00-00 00:00:00";"0.00";"2024";"harare"
"928";"524501";"Kuwadzana";"Kuwadzana-Major Distribution Maintenace Equipment";"3949777280.00";"0.00";"3949777280.00";"0000-00-00 00:00:00";"0.00";"2024";"harare"
"929";"524501";"Mabelreign";"Mabelreign-T&E";"409978072.10";"123500000.00";"286478072.10";"2024-01-15 03:10:43";"0.00";"2024";"harare"
"930";"524501";"Mabelreign";"Mabelreign -computers";"194333420.00";"0.00";"194333420.00";"0000-00-00 00:00:00";"0.00";"2024";"harare"
"931";"524501";"Mabelreign";"Mabelreign -office &furniture equip";"206105670.00";"0.00";"206105670.00";"0000-00-00 00:00:00";"0.00";"2024";"harare"
"932";"524501";"Mabelreign";"Mabelreign-motor vehicles";"1729800000.00";"0.00";"1729800000.00";"0000-00-00 00:00:00";"0.00";"2024";"harare"
"933";"524501";"Mabelreign";"Mabelreign-Category 1";"2880000000.00";"0.00";"2880000000.00";"0000-00-00 00:00:00";"0.00";"2024";"harare"
"934";"524501";"Mabelreign";"Mabelreign-Category 2";"3700800000.00";"0.00";"3700800000.00";"0000-00-00 00:00:00";"0.00";"2024";"harare"
"935";"524501";"Mabelreign";"Mabelreign-Major Distribution Maintenace Equipment";"3949777280.00";"0.00";"3949777280.00";"0000-00-00 00:00:00";"0.00";"2024";"harare"
"936";"524501";"District Office";"District Office -Motor  vehicle";"240250000.00";"0.00";"240250000.00";"0000-00-00 00:00:00";"0.00";"2024";"harare"
"937";"524501";"District Office";"District Office- computers";"194333420.00";"0.00";"194333420.00";"0000-00-00 00:00:00";"0.00";"2024";"harare"
"938";"524501";"District Office";"District Office -office &furniture";"206105670.00";"0.00";"206105670.00";"0000-00-00 00:00:00";"0.00";"2024";"harare"
"939";"524601";"Southerton";"Southerton-T&E";"409978072.10";"0.00";"409978072.10";"0000-00-00 00:00:00";"70000000.00";"2024";"harare"
"940";"524601";"Southerton";"Southerton-computers";"194333420.00";"0.00";"194333420.00";"0000-00-00 00:00:00";"0.00";"2024";"harare"
"941";"524601";"Southerton";"Southerton-office &furniture equip";"206105670.00";"0.00";"206105670.00";"0000-00-00 00:00:00";"0.00";"2024";"harare"
"942";"524601";"Southerton";"Southerton-motor vehicles";"1729800000.00";"0.00";"1729800000.00";"0000-00-00 00:00:00";"0.00";"2024";"harare"
"943";"524601";"Southerton";"Southerton-Category 2";"6432000000.00";"0.00";"6432000000.00";"0000-00-00 00:00:00";"0.00";"2024";"harare"
"944";"524601";"Southerton";"Southerton-Major Distribution Maintenace Equipment";"4951139360.00";"0.00";"4951139360.00";"0000-00-00 00:00:00";"0.00";"2024";"harare"
"945";"524601";"Glen View";"Glen View-T&E";"409978072.10";"0.00";"409978072.10";"0000-00-00 00:00:00";"109000000.00";"2024";"harare"
"946";"524601";"Glen View";"Glen View-computer";"194333420.00";"0.00";"194333420.00";"0000-00-00 00:00:00";"0.00";"2024";"harare"
"947";"524601";"Glen View";"Glen View -office &furniture equip";"206105670.00";"0.00";"206105670.00";"0000-00-00 00:00:00";"28000000.00";"2024";"harare"
"948";"524601";"Glen View";"Glen View-motor vehicles";"1729800000.00";"0.00";"1729800000.00";"0000-00-00 00:00:00";"0.00";"2024";"harare"
"949";"524601";"Glen View";"Glen View-Category 1";"5184000000.00";"0.00";"5184000000.00";"0000-00-00 00:00:00";"0.00";"2024";"harare"
"950";"524601";"Glen View";"Glen View-Category 2";"27568800000.00";"0.00";"27568800000.00";"0000-00-00 00:00:00";"0.00";"2024";"harare"
"951";"524601";"Glen View";"Glen View-Major Distribution Maintenace Equipment";"4951139360.00";"0.00";"4951139360.00";"0000-00-00 00:00:00";"0.00";"2024";"harare"
"952";"524601";"Waterfalls";"Waterfalls- T&E";"409978072.10";"0.00";"409978072.10";"0000-00-00 00:00:00";"175999999.99";"2024";"harare"
"953";"524601";"Waterfalls";"Waterfalls-computer";"194333420.00";"0.00";"194333420.00";"0000-00-00 00:00:00";"0.00";"2024";"harare"
"954";"524601";"Waterfalls";"Waterfalls-office &furniture equip";"206105670.00";"0.00";"206105670.00";"0000-00-00 00:00:00";"0.00";"2024";"harare"
"955";"524601";"Waterfalls";"Waterfalls-motor vehicles";"1729800000.00";"0.00";"1729800000.00";"0000-00-00 00:00:00";"0.00";"2024";"harare"
"956";"524601";"Waterfalls";"Waterfalls-Category 1";"2016000000.00";"0.00";"2016000000.00";"0000-00-00 00:00:00";"0.00";"2024";"harare"
"957";"524601";"Waterfalls";"Waterfalls-Category 2";"37906996800.00";"0.00";"37906996800.00";"0000-00-00 00:00:00";"0.00";"2024";"harare"
"958";"524601";"Waterfalls";"Waterfalls-Major Distribution Maintenace Equipment";"4951139360.00";"0.00";"4951139360.00";"0000-00-00 00:00:00";"0.00";"2024";"harare"
"959";"524601";"District Office";"District Office -Motor  vehicle";"240250000.00";"0.00";"240250000.00";"0000-00-00 00:00:00";"0.00";"2024";"harare"
"960";"524601";"District Office";"District Office- computers";"194333420.00";"0.00";"194333420.00";"0000-00-00 00:00:00";"0.00";"2024";"harare"
"961";"524601";"District Office";"District Office -office &furniture";"206105670.00";"0.00";"206105670.00";"0000-00-00 00:00:00";"0.00";"2024";"harare"
"962";"524401";"Chitungwiza";"Zengeza- T&E";"409978072.10";"0.00";"409978072.10";"0000-00-00 00:00:00";"0.00";"2024";"harare"
"963";"524401";"Chitungwiza";"Zengeza-computer";"194333420.00";"0.00";"194333420.00";"0000-00-00 00:00:00";"0.00";"2024";"harare"
"964";"524401";"Chitungwiza";"Zengeza-office &furniture equip";"206105670.00";"0.00";"206105670.00";"0000-00-00 00:00:00";"0.00";"2024";"harare"
"965";"524401";"Chitungwiza";"Zengeza-motor vehicles";"1729800000.00";"0.00";"1729800000.00";"0000-00-00 00:00:00";"0.00";"2024";"harare"
"966";"524401";"Chitungwiza";"Zengeza-Category 2";"1368000000.00";"0.00";"1368000000.00";"0000-00-00 00:00:00";"0.00";"2024";"harare"
"967";"524401";"Chitungwiza";"Zengeza-Major Distribution Maintenace Equipment";"4713430656.00";"0.00";"4713430656.00";"0000-00-00 00:00:00";"0.00";"2024";"harare"
"968";"524401";"Chitungwiza";"Seke- T&E";"409978072.10";"0.00";"409978072.10";"0000-00-00 00:00:00";"7000000.00";"2024";"harare"
"969";"524401";"Chitungwiza";"Seke-computer";"194333420.00";"0.00";"194333420.00";"2024-01-17 11:46:43";"0.00";"2024";"harare"
"970";"524401";"Chitungwiza";"Seke-office &furniture equip";"206105670.00";"0.00";"206105670.00";"0000-00-00 00:00:00";"0.00";"2024";"harare"
"971";"524401";"Chitungwiza";"Seke-motor vehicles";"1729800000.00";"0.00";"1729800000.00";"0000-00-00 00:00:00";"0.00";"2024";"harare"
"972";"524401";"Chitungwiza";"Seke-Category 1";"2928000000.00";"0.00";"2928000000.00";"0000-00-00 00:00:00";"0.00";"2024";"harare"
"973";"524401";"Chitungwiza";"Seke-Category 2";"4488000000.00";"0.00";"4488000000.00";"0000-00-00 00:00:00";"0.00";"2024";"harare"
"974";"524401";"Chitungwiza";"Seke-Major Distribution Maintenace Equipment";"4713430656.00";"0.00";"4713430656.00";"0000-00-00 00:00:00";"0.00";"2024";"harare"
"975";"524401";"Chitungwiza";"District Office -Motor  vehicle";"240250000.00";"0.00";"240250000.00";"0000-00-00 00:00:00";"0.00";"2024";"harare"
"976";"524401";"Chitungwiza";"District Office- computers";"194333420.00";"0.00";"194333420.00";"0000-00-00 00:00:00";"40000000.00";"2024";"harare"
"977";"524401";"Chitungwiza";"District Office -office &furniture";"206105670.00";"0.00";"206105670.00";"0000-00-00 00:00:00";"0.00";"2024";"harare"
"978";"524101";"Network Development";"Projects-T&E";"127548725.00";"0.00";"127548725.00";"0000-00-00 00:00:00";"0.00";"2024";"harare"
"979";"524101";"Network Development";"Projects-computers";"194333420.00";"0.00";"194333420.00";"0000-00-00 00:00:00";"0.00";"2024";"harare"
"980";"524101";"Network Development";"Projects-office &furniture equip";"206105670.00";"0.00";"206105670.00";"0000-00-00 00:00:00";"0.00";"2024";"harare"
"981";"524101";"Network Development";"Projects-motor vehicles";"1441500000.00";"0.00";"1441500000.00";"0000-00-00 00:00:00";"0.00";"2024";"harare"
"982";"524101";"Network Development";"Projects-Category 1";"50510764800.00";"0.00";"50510764800.00";"0000-00-00 00:00:00";"0.00";"2024";"harare"
"983";"524101";"Network Development";"Projects-Category 3";"128335000000.00";"0.00";"128335000000.00";"0000-00-00 00:00:00";"0.00";"2024";"harare"
"984";"524301";"Operation and Maintenance";"OPS- T&E";"819956144.20";"0.00";"819956144.20";"2024-01-17 04:13:45";"0.00";"2024";"harare"
"985";"524301";"Operation and Maintenance";"OPS-computer";"194333420.00";"0.00";"194333420.00";"0000-00-00 00:00:00";"0.00";"2024";"harare"
"986";"524301";"Operation and Maintenance";"OPS-office &furniture equip";"206105670.00";"0.00";"206105670.00";"0000-00-00 00:00:00";"0.00";"2024";"harare"
"987";"524301";"Operation and Maintenance";"OPS-motor vehicles";"2306400000.00";"0.00";"2306400000.00";"0000-00-00 00:00:00";"0.00";"2024";"harare"
"988";"523001";"Human Resources";"HR-computer";"194333420.00";"0.00";"194333420.00";"0000-00-00 00:00:00";"0.00";"2024";"harare"
"989";"523001";"Human Resources";"HR-office &furniture equip";"206105670.00";"0.00";"206105670.00";"0000-00-00 00:00:00";"0.00";"2024";"harare"
"990";"523001";"Human Resources";"HR-motor vehicles";"480500000.00";"0.00";"480500000.00";"0000-00-00 00:00:00";"0.00";"2024";"harare"
"991";"523001";"Human Resources";"HR-L&B";"4723449600.00";"0.00";"4723449600.00";"0000-00-00 00:00:00";"700000000.00";"2024";"harare"
"992";"525000";"Commercial";"Commercial- T&E";"127548725.00";"0.00";"127548725.00";"0000-00-00 00:00:00";"0.00";"2024";"harare"
"993";"525000";"Commercial";"Commercial-computer";"194333420.00";"0.00";"194333420.00";"0000-00-00 00:00:00";"0.00";"2024";"harare"
"994";"525000";"Commercial";"Commercial-office &furniture equip";"206105670.00";"0.00";"206105670.00";"0000-00-00 00:00:00";"27000000.00";"2024";"harare"
"995";"525000";"Commercial";"Commercial-motor vehicles";"720750000.00";"0.00";"720750000.00";"0000-00-00 00:00:00";"0.00";"2024";"harare"
"996";"522001";"Finance";"Finance- T&E";"127548725.00";"0.00";"127548725.00";"0000-00-00 00:00:00";"0.00";"2024";"harare"
"997";"522001";"Finance";"Finance-computer";"194333420.00";"0.00";"194333420.00";"0000-00-00 00:00:00";"0.00";"2024";"harare"
"998";"522001";"Finance";"Finance-office &furniture equip";"206105670.00";"0.00";"206105670.00";"0000-00-00 00:00:00";"0.00";"2024";"harare"
"999";"522001";"Finance";"Finance-motor vehicles";"480500000.00";"0.00";"480500000.00";"0000-00-00 00:00:00";"0.00";"2024";"harare"
"1000";"526001";"Risk";"Risk-computer";"194333420.00";"14999999.99";"179333420.01";"2024-01-17 08:46:12";"5000000.00";"2024";"harare"
"1001";"526001";"Risk";"Risk-office &furniture equip";"206105670.00";"0.00";"206105670.00";"0000-00-00 00:00:00";"0.00";"2024";"harare"
"1002";"526001";"Risk";"Risk-motor vehicles";"480500000.00";"0.00";"480500000.00";"0000-00-00 00:00:00";"0.00";"2024";"harare"
"1003";"526001";"Risk";"Risk-Category 3";"17600000000.00";"0.00";"17600000000.00";"2024-01-15 12:17:12";"0.00";"2024";"harare"
"1004";"527001";"IT";"IT- T&E";"127548725.00";"0.00";"127548725.00";"0000-00-00 00:00:00";"0.00";"2024";"harare"
"1005";"527001";"IT";"IT-computer";"194333420.00";"0.00";"194333420.00";"0000-00-00 00:00:00";"0.00";"2024";"harare"
"1006";"527001";"IT";"IT-office &furniture equip";"206105670.00";"0.00";"206105670.00";"0000-00-00 00:00:00";"0.00";"2024";"harare"
"1007";"527001";"IT";"IT-motor vehicles";"480500000.00";"0.00";"480500000.00";"0000-00-00 00:00:00";"0.00";"2024";"harare"
"1008";"524001";"EM";"EM-computer";"194333420.00";"0.00";"194333420.00";"0000-00-00 00:00:00";"0.00";"2024";"harare"
"1009";"524001";"EM";"EM-office &furniture equip";"206105670.00";"0.00";"206105670.00";"0000-00-00 00:00:00";"0.00";"2024";"harare"
"1010";"524001";"EM";"EM-motor vehicles";"240250000.00";"0.00";"240250000.00";"0000-00-00 00:00:00";"0.00";"2024";"harare"
"1011";"521001";"GM";"GM-computer";"194333420.00";"0.00";"194333420.00";"0000-00-00 00:00:00";"0.00";"2024";"harare"
"1012";"521001";"GM";"GM-office &furniture equip";"206105670.00";"0.00";"206105670.00";"0000-00-00 00:00:00";"0.00";"2024";"harare"
"1013";"521001";"GM";"GM-motor vehicles";"240250000.00";"0.00";"240250000.00";"0000-00-00 00:00:00";"0.00";"2024";"harare"
